date,slug,name_kr,name_en,gender,monthly_listeners,followers,artist_id
2026-03-14,blackpink,블랙핑크,BLACKPINK,female,,58121130,41MozSoPIsD1dJM0CLPjZF
2026-03-14,aespa,에스파,aespa,female,9744545,,6YVMFz59CuY7ngCxTxjpxE
2026-03-14,twice,트와이스,TWICE,female,16779628,,7n2Ycct7Beij7Dj7meI4X0
2026-03-14,bts,방탄소년단,BTS,male,25103746,,3Nrfpe0tUJi4K4DXYWgMUX
2026-03-14,ive,아이브,IVE,female,8180182,,6RHTUrRF63xao58xh9FXYJ
2026-03-14,le-sserafim,르세라핌,LE SSERAFIM,female,14897684,,4SpbR6yFEvexJuaBpgAU5p
2026-03-14,i-dle,아이들,i-dle,female,7157570,,2AfmfGFbe0A0WsTYm0SDTx
2026-03-14,newjeans,뉴진스,NewJeans,female,13495903,,6HvZYsbFfjnjFrWF950C9d
2026-03-14,babymonster,베이비몬스터,BABYMONSTER,female,7371650,,1SIocsqdEefUTE6XKGUiVS
2026-03-14,illit,아일릿,ILLIT,female,13683294,,36cgvBn0aadzOijnjjwqMN
2026-03-14,fifty-fifty,피프티피프티,FIFTY FIFTY,female,6250529,,4GJ6xDCF5jaUqD6avOuQT6
2026-03-14,hearts2hearts,하츠투하츠,Hearts2Hearts,female,5964748,,1ZLU77nRzQIaP23mVSYpCQ
2026-03-14,stray-kids,스트레이키즈,Stray Kids,male,10615114,,2dIgFjalVxs4ThymZ67YCE
2026-03-14,txt,투모로우바이투게더,TXT,male,6174982,,0ghlgldX5Dd6720Q3qFyQB
2026-03-14,enhypen,엔하이픈,ENHYPEN,male,9885876,,5t5FqBwTcgKTaWmfEbwQY9
2026-03-14,cortis,코르티스,CORTIS,male,7601063,,1ebt9HnXdyYA6KgLXr1n4P
2026-03-16,blackpink,블랙핑크,BLACKPINK,female,26525562,,41MozSoPIsD1dJM0CLPjZF
2026-03-16,aespa,에스파,aespa,female,9743176,,6YVMFz59CuY7ngCxTxjpxE
2026-03-16,i-dle,아이들,i-dle,female,7155046,,2AfmfGFbe0A0WsTYm0SDTx
2026-03-16,newjeans,뉴진스,NewJeans,female,13491061,,6HvZYsbFfjnjFrWF950C9d
2026-03-16,twice,트와이스,TWICE,female,16701073,,7n2Ycct7Beij7Dj7meI4X0
2026-03-16,ive,아이브,IVE,female,8135635,,6RHTUrRF63xao58xh9FXYJ
2026-03-16,babymonster,베이비몬스터,BABYMONSTER,female,7336946,,1SIocsqdEefUTE6XKGUiVS
2026-03-16,le-sserafim,르세라핌,LE SSERAFIM,female,14851189,,4SpbR6yFEvexJuaBpgAU5p
2026-03-16,illit,아일릿,ILLIT,female,13599325,,36cgvBn0aadzOijnjjwqMN
2026-03-16,fifty-fifty,피프티피프티,FIFTY FIFTY,female,6228127,,4GJ6xDCF5jaUqD6avOuQT6
2026-03-16,hearts2hearts,하츠투하츠,Hearts2Hearts,female,6085209,,1ZLU77nRzQIaP23mVSYpCQ
2026-03-16,bts,방탄소년단,BTS,male,25140064,,3Nrfpe0tUJi4K4DXYWgMUX
2026-03-16,stray-kids,스트레이키즈,Stray Kids,male,10646098,,2dIgFjalVxs4ThymZ67YCE
2026-03-16,txt,투모로우바이투게더,TXT,male,6183260,,0ghlgldX5Dd6720Q3qFyQB
2026-03-16,enhypen,엔하이픈,ENHYPEN,male,9987695,,5t5FqBwTcgKTaWmfEbwQY9
2026-03-16,cortis,코르티스,CORTIS,male,7506775,,1ebt9HnXdyYA6KgLXr1n4P
2026-03-23,blackpink,블랙핑크,BLACKPINK,female,27145123,58309851,41MozSoPIsD1dJM0CLPjZF
2026-03-23,aespa,에스파,aespa,female,9796341,,6YVMFz59CuY7ngCxTxjpxE
2026-03-23,i-dle,아이들,i-dle,female,7120332,,2AfmfGFbe0A0WsTYm0SDTx
2026-03-23,red-velvet,레드벨벳,Red Velvet,female,5533930,,1z4g3DjTBBZKhvAroFlhOM
2026-03-23,newjeans,뉴진스,NewJeans,female,13573284,,6HvZYsbFfjnjFrWF950C9d
2026-03-23,twice,트와이스,TWICE,female,16458265,,7n2Ycct7Beij7Dj7meI4X0
2026-03-23,ive,아이브,IVE,female,8028025,,6RHTUrRF63xao58xh9FXYJ
2026-03-23,babymonster,베이비몬스터,BABYMONSTER,female,7252938,,1SIocsqdEefUTE6XKGUiVS
2026-03-23,le-sserafim,르세라핌,LE SSERAFIM,female,14672315,,4SpbR6yFEvexJuaBpgAU5p
2026-03-23,illit,아일릿,ILLIT,female,13128833,,36cgvBn0aadzOijnjjwqMN
2026-03-23,fifty-fifty,피프티피프티,FIFTY FIFTY,female,6093818,,4GJ6xDCF5jaUqD6avOuQT6
2026-03-23,hearts2hearts,하츠투하츠,Hearts2Hearts,female,7016558,,1ZLU77nRzQIaP23mVSYpCQ
2026-03-23,bts,방탄소년단,BTS,male,28328909,,3Nrfpe0tUJi4K4DXYWgMUX
2026-03-23,stray-kids,스트레이키즈,Stray Kids,male,10641056,,2dIgFjalVxs4ThymZ67YCE
2026-03-23,txt,투모로우바이투게더,TXT,male,6198782,,0ghlgldX5Dd6720Q3qFyQB
2026-03-23,enhypen,엔하이픈,ENHYPEN,male,10198375,,5t5FqBwTcgKTaWmfEbwQY9
2026-03-23,cortis,코르티스,CORTIS,male,7266228,,1ebt9HnXdyYA6KgLXr1n4P
2026-03-30,blackpink,블랙핑크,BLACKPINK,female,27073274,,41MozSoPIsD1dJM0CLPjZF
2026-03-30,aespa,에스파,aespa,female,9842027,,6YVMFz59CuY7ngCxTxjpxE
2026-03-30,i-dle,아이들,i-dle,female,7097239,,2AfmfGFbe0A0WsTYm0SDTx
2026-03-30,red-velvet,레드벨벳,Red Velvet,female,5772167,,1z4g3DjTBBZKhvAroFlhOM
2026-03-30,newjeans,뉴진스,NewJeans,female,13645325,,6HvZYsbFfjnjFrWF950C9d
2026-03-30,twice,트와이스,TWICE,female,16611737,,7n2Ycct7Beij7Dj7meI4X0
2026-03-30,ive,아이브,IVE,female,7817144,,6RHTUrRF63xao58xh9FXYJ
2026-03-30,babymonster,베이비몬스터,BABYMONSTER,female,7220601,,1SIocsqdEefUTE6XKGUiVS
2026-03-30,le-sserafim,르세라핌,LE SSERAFIM,female,14549749,,4SpbR6yFEvexJuaBpgAU5p
2026-03-30,illit,아일릿,ILLIT,female,12801827,,36cgvBn0aadzOijnjjwqMN
2026-03-30,fifty-fifty,피프티피프티,FIFTY FIFTY,female,6100094,,4GJ6xDCF5jaUqD6avOuQT6
2026-03-30,hearts2hearts,하츠투하츠,Hearts2Hearts,female,7638829,,1ZLU77nRzQIaP23mVSYpCQ
2026-03-30,bts,방탄소년단,BTS,male,37254828,,3Nrfpe0tUJi4K4DXYWgMUX
2026-03-30,stray-kids,스트레이키즈,Stray Kids,male,10804688,,2dIgFjalVxs4ThymZ67YCE
2026-03-30,txt,투모로우바이투게더,TXT,male,6283661,,0ghlgldX5Dd6720Q3qFyQB
2026-03-30,enhypen,엔하이픈,ENHYPEN,male,10343018,,5t5FqBwTcgKTaWmfEbwQY9
2026-03-30,cortis,코르티스,CORTIS,male,7253666,,1ebt9HnXdyYA6KgLXr1n4P
2026-04-06,blackpink,블랙핑크,BLACKPINK,female,25790889,58586676,41MozSoPIsD1dJM0CLPjZF
2026-04-06,aespa,에스파,aespa,female,9761259,,6YVMFz59CuY7ngCxTxjpxE
2026-04-06,i-dle,아이들,i-dle,female,7090821,,2AfmfGFbe0A0WsTYm0SDTx
2026-04-06,red-velvet,레드벨벳,Red Velvet,female,5972459,,1z4g3DjTBBZKhvAroFlhOM
2026-04-06,newjeans,뉴진스,NewJeans,female,13711905,,6HvZYsbFfjnjFrWF950C9d
2026-04-06,twice,트와이스,TWICE,female,16690358,,7n2Ycct7Beij7Dj7meI4X0
2026-04-06,ive,아이브,IVE,female,7556559,,6RHTUrRF63xao58xh9FXYJ
2026-04-06,babymonster,베이비몬스터,BABYMONSTER,female,7166494,,1SIocsqdEefUTE6XKGUiVS
2026-04-06,le-sserafim,르세라핌,LE SSERAFIM,female,14503812,,4SpbR6yFEvexJuaBpgAU5p
2026-04-06,illit,아일릿,ILLIT,female,12734934,,36cgvBn0aadzOijnjjwqMN
2026-04-06,fifty-fifty,피프티피프티,FIFTY FIFTY,female,6136877,,4GJ6xDCF5jaUqD6avOuQT6
2026-04-06,hearts2hearts,하츠투하츠,Hearts2Hearts,female,8195095,,1ZLU77nRzQIaP23mVSYpCQ
2026-04-06,bts,방탄소년단,BTS,male,41834590,,3Nrfpe0tUJi4K4DXYWgMUX
2026-04-06,stray-kids,스트레이키즈,Stray Kids,male,11048901,,2dIgFjalVxs4ThymZ67YCE
2026-04-06,txt,투모로우바이투게더,TXT,male,6397279,,0ghlgldX5Dd6720Q3qFyQB
2026-04-06,enhypen,엔하이픈,ENHYPEN,male,10436090,,5t5FqBwTcgKTaWmfEbwQY9
2026-04-06,cortis,코르티스,CORTIS,male,7230647,,1ebt9HnXdyYA6KgLXr1n4P
2026-04-13,blackpink,블랙핑크,BLACKPINK,female,25122185,58698620,41MozSoPIsD1dJM0CLPjZF
2026-04-13,aespa,에스파,aespa,female,9707531,,6YVMFz59CuY7ngCxTxjpxE
2026-04-13,i-dle,아이들,i-dle,female,7017502,,2AfmfGFbe0A0WsTYm0SDTx
2026-04-13,red-velvet,레드벨벳,Red Velvet,female,6144184,,1z4g3DjTBBZKhvAroFlhOM
2026-04-13,newjeans,뉴진스,NewJeans,female,13912961,,6HvZYsbFfjnjFrWF950C9d
2026-04-13,twice,트와이스,TWICE,female,16762140,,7n2Ycct7Beij7Dj7meI4X0
2026-04-13,ive,아이브,IVE,female,7521568,,6RHTUrRF63xao58xh9FXYJ
2026-04-13,babymonster,베이비몬스터,BABYMONSTER,female,7177857,,1SIocsqdEefUTE6XKGUiVS
2026-04-13,le-sserafim,르세라핌,LE SSERAFIM,female,14472887,,4SpbR6yFEvexJuaBpgAU5p
2026-04-13,illit,아일릿,ILLIT,female,12773314,,36cgvBn0aadzOijnjjwqMN
2026-04-13,fifty-fifty,피프티피프티,FIFTY FIFTY,female,6177607,,4GJ6xDCF5jaUqD6avOuQT6
2026-04-13,hearts2hearts,하츠투하츠,Hearts2Hearts,female,8699292,,1ZLU77nRzQIaP23mVSYpCQ
2026-04-13,bts,방탄소년단,BTS,male,45095386,,3Nrfpe0tUJi4K4DXYWgMUX
2026-04-13,stray-kids,스트레이키즈,Stray Kids,male,11103649,,2dIgFjalVxs4ThymZ67YCE
2026-04-13,txt,투모로우바이투게더,TXT,male,6426401,,0ghlgldX5Dd6720Q3qFyQB
2026-04-13,enhypen,엔하이픈,ENHYPEN,male,10240824,,5t5FqBwTcgKTaWmfEbwQY9
2026-04-13,cortis,코르티스,CORTIS,male,7207302,,1ebt9HnXdyYA6KgLXr1n4P
2026-04-20,blackpink,블랙핑크,BLACKPINK,female,24476085,,41MozSoPIsD1dJM0CLPjZF
2026-04-20,aespa,에스파,aespa,female,9689726,,6YVMFz59CuY7ngCxTxjpxE
2026-04-20,i-dle,아이들,i-dle,female,6939248,,2AfmfGFbe0A0WsTYm0SDTx
2026-04-20,red-velvet,레드벨벳,Red Velvet,female,6180541,,1z4g3DjTBBZKhvAroFlhOM
2026-04-20,newjeans,뉴진스,NewJeans,female,13869617,,6HvZYsbFfjnjFrWF950C9d
2026-04-20,twice,트와이스,TWICE,female,16672326,,7n2Ycct7Beij7Dj7meI4X0
2026-04-20,ive,아이브,IVE,female,7436210,,6RHTUrRF63xao58xh9FXYJ
2026-04-20,babymonster,베이비몬스터,BABYMONSTER,female,7142977,,1SIocsqdEefUTE6XKGUiVS
2026-04-20,le-sserafim,르세라핌,LE SSERAFIM,female,14394260,,4SpbR6yFEvexJuaBpgAU5p
2026-04-20,illit,아일릿,ILLIT,female,12686002,,36cgvBn0aadzOijnjjwqMN
2026-04-20,fifty-fifty,피프티피프티,FIFTY FIFTY,female,6250564,,4GJ6xDCF5jaUqD6avOuQT6
2026-04-20,hearts2hearts,하츠투하츠,Hearts2Hearts,female,8969489,,1ZLU77nRzQIaP23mVSYpCQ
2026-04-20,bts,방탄소년단,BTS,male,45629843,,3Nrfpe0tUJi4K4DXYWgMUX
2026-04-20,stray-kids,스트레이키즈,Stray Kids,male,11016932,,2dIgFjalVxs4ThymZ67YCE
2026-04-20,txt,투모로우바이투게더,TXT,male,6767277,,0ghlgldX5Dd6720Q3qFyQB
2026-04-20,enhypen,엔하이픈,ENHYPEN,male,9930607,,5t5FqBwTcgKTaWmfEbwQY9
2026-04-20,cortis,코르티스,CORTIS,male,7061821,,1ebt9HnXdyYA6KgLXr1n4P
2026-04-27,blackpink,블랙핑크,BLACKPINK,female,23784360,,41MozSoPIsD1dJM0CLPjZF
2026-04-27,aespa,에스파,aespa,female,9574521,,6YVMFz59CuY7ngCxTxjpxE
2026-04-27,i-dle,아이들,i-dle,female,6933605,,2AfmfGFbe0A0WsTYm0SDTx
2026-04-27,red-velvet,레드벨벳,Red Velvet,female,6075478,,1z4g3DjTBBZKhvAroFlhOM
2026-04-27,newjeans,뉴진스,NewJeans,female,13756537,,6HvZYsbFfjnjFrWF950C9d
2026-04-27,twice,트와이스,TWICE,female,16361582,,7n2Ycct7Beij7Dj7meI4X0
2026-04-27,ive,아이브,IVE,female,7402572,,6RHTUrRF63xao58xh9FXYJ
2026-04-27,babymonster,베이비몬스터,BABYMONSTER,female,7162686,,1SIocsqdEefUTE6XKGUiVS
2026-04-27,le-sserafim,르세라핌,LE SSERAFIM,female,14370611,,4SpbR6yFEvexJuaBpgAU5p
2026-04-27,illit,아일릿,ILLIT,female,12527621,,36cgvBn0aadzOijnjjwqMN
2026-04-27,fifty-fifty,피프티피프티,FIFTY FIFTY,female,6288423,,4GJ6xDCF5jaUqD6avOuQT6
2026-04-27,hearts2hearts,하츠투하츠,Hearts2Hearts,female,9149798,,1ZLU77nRzQIaP23mVSYpCQ
2026-04-27,bts,방탄소년단,BTS,male,42799490,,3Nrfpe0tUJi4K4DXYWgMUX
2026-04-27,stray-kids,스트레이키즈,Stray Kids,male,10848208,,2dIgFjalVxs4ThymZ67YCE
2026-04-27,txt,투모로우바이투게더,TXT,male,7158519,,0ghlgldX5Dd6720Q3qFyQB
2026-04-27,enhypen,엔하이픈,ENHYPEN,male,9726656,,5t5FqBwTcgKTaWmfEbwQY9
2026-04-27,cortis,코르티스,CORTIS,male,7592330,,1ebt9HnXdyYA6KgLXr1n4P
2026-05-04,blackpink,블랙핑크,BLACKPINK,female,23291465,,41MozSoPIsD1dJM0CLPjZF
2026-05-04,aespa,에스파,aespa,female,9504390,,6YVMFz59CuY7ngCxTxjpxE
2026-05-04,i-dle,아이들,i-dle,female,6951990,,2AfmfGFbe0A0WsTYm0SDTx
2026-05-04,red-velvet,레드벨벳,Red Velvet,female,6057759,,1z4g3DjTBBZKhvAroFlhOM
2026-05-04,newjeans,뉴진스,NewJeans,female,13768082,,6HvZYsbFfjnjFrWF950C9d
2026-05-04,twice,트와이스,TWICE,female,16304494,,7n2Ycct7Beij7Dj7meI4X0
2026-05-04,ive,아이브,IVE,female,7270577,,6RHTUrRF63xao58xh9FXYJ
2026-05-04,babymonster,베이비몬스터,BABYMONSTER,female,7159493,,1SIocsqdEefUTE6XKGUiVS
2026-05-04,le-sserafim,르세라핌,LE SSERAFIM,female,14724044,,4SpbR6yFEvexJuaBpgAU5p
2026-05-04,illit,아일릿,ILLIT,female,12567375,,36cgvBn0aadzOijnjjwqMN
2026-05-04,fifty-fifty,피프티피프티,FIFTY FIFTY,female,6260997,,4GJ6xDCF5jaUqD6avOuQT6
2026-05-04,hearts2hearts,하츠투하츠,Hearts2Hearts,female,9122342,,1ZLU77nRzQIaP23mVSYpCQ
2026-05-04,bts,방탄소년단,BTS,male,40912292,,3Nrfpe0tUJi4K4DXYWgMUX
2026-05-04,stray-kids,스트레이키즈,Stray Kids,male,10560325,,2dIgFjalVxs4ThymZ67YCE
2026-05-04,txt,투모로우바이투게더,TXT,male,7321364,,0ghlgldX5Dd6720Q3qFyQB
2026-05-04,enhypen,엔하이픈,ENHYPEN,male,9637374,,5t5FqBwTcgKTaWmfEbwQY9
2026-05-04,cortis,코르티스,CORTIS,male,8726448,,1ebt9HnXdyYA6KgLXr1n4P
2026-05-11,blackpink,블랙핑크,BLACKPINK,female,22800746,,41MozSoPIsD1dJM0CLPjZF
2026-05-11,aespa,에스파,aespa,female,9512571,,6YVMFz59CuY7ngCxTxjpxE
2026-05-11,i-dle,아이들,i-dle,female,6955809,,2AfmfGFbe0A0WsTYm0SDTx
2026-05-11,red-velvet,레드벨벳,Red Velvet,female,6001736,,1z4g3DjTBBZKhvAroFlhOM
2026-05-11,newjeans,뉴진스,NewJeans,female,13725184,,6HvZYsbFfjnjFrWF950C9d
2026-05-11,twice,트와이스,TWICE,female,16213795,,7n2Ycct7Beij7Dj7meI4X0
2026-05-11,ive,아이브,IVE,female,7087679,,6RHTUrRF63xao58xh9FXYJ
2026-05-11,babymonster,베이비몬스터,BABYMONSTER,female,7591904,,1SIocsqdEefUTE6XKGUiVS
2026-05-11,le-sserafim,르세라핌,LE SSERAFIM,female,15046976,,4SpbR6yFEvexJuaBpgAU5p
2026-05-11,illit,아일릿,ILLIT,female,13137066,,36cgvBn0aadzOijnjjwqMN
2026-05-11,fifty-fifty,피프티피프티,FIFTY FIFTY,female,6244208,,4GJ6xDCF5jaUqD6avOuQT6
2026-05-11,hearts2hearts,하츠투하츠,Hearts2Hearts,female,8972654,,1ZLU77nRzQIaP23mVSYpCQ
2026-05-11,bts,방탄소년단,BTS,male,39680837,,3Nrfpe0tUJi4K4DXYWgMUX
2026-05-11,stray-kids,스트레이키즈,Stray Kids,male,10387077,,2dIgFjalVxs4ThymZ67YCE
2026-05-11,txt,투모로우바이투게더,TXT,male,7437579,,0ghlgldX5Dd6720Q3qFyQB
2026-05-11,enhypen,엔하이픈,ENHYPEN,male,9636949,,5t5FqBwTcgKTaWmfEbwQY9
2026-05-11,cortis,코르티스,CORTIS,male,10093987,,1ebt9HnXdyYA6KgLXr1n4P
2026-05-18,blackpink,블랙핑크,BLACKPINK,female,22409995,,41MozSoPIsD1dJM0CLPjZF
2026-05-18,aespa,에스파,aespa,female,9842310,,6YVMFz59CuY7ngCxTxjpxE
2026-05-18,i-dle,아이들,i-dle,female,6977029,,2AfmfGFbe0A0WsTYm0SDTx
2026-05-18,red-velvet,레드벨벳,Red Velvet,female,5990696,,1z4g3DjTBBZKhvAroFlhOM
2026-05-18,newjeans,뉴진스,NewJeans,female,13725857,,6HvZYsbFfjnjFrWF950C9d
2026-05-18,twice,트와이스,TWICE,female,16139265,,7n2Ycct7Beij7Dj7meI4X0
2026-05-18,ive,아이브,IVE,female,6866783,,6RHTUrRF63xao58xh9FXYJ
2026-05-18,babymonster,베이비몬스터,BABYMONSTER,female,8231598,,1SIocsqdEefUTE6XKGUiVS
2026-05-18,le-sserafim,르세라핌,LE SSERAFIM,female,15254572,,4SpbR6yFEvexJuaBpgAU5p
2026-05-18,illit,아일릿,ILLIT,female,13730157,,36cgvBn0aadzOijnjjwqMN
2026-05-18,fifty-fifty,피프티피프티,FIFTY FIFTY,female,6261691,,4GJ6xDCF5jaUqD6avOuQT6
2026-05-18,hearts2hearts,하츠투하츠,Hearts2Hearts,female,8741520,,1ZLU77nRzQIaP23mVSYpCQ
2026-05-18,bts,방탄소년단,BTS,male,38816940,,3Nrfpe0tUJi4K4DXYWgMUX
2026-05-18,stray-kids,스트레이키즈,Stray Kids,male,10232978,,2dIgFjalVxs4ThymZ67YCE
2026-05-18,txt,투모로우바이투게더,TXT,male,7320069,,0ghlgldX5Dd6720Q3qFyQB
2026-05-18,enhypen,엔하이픈,ENHYPEN,male,9607683,,5t5FqBwTcgKTaWmfEbwQY9
2026-05-18,cortis,코르티스,CORTIS,male,11354004,,1ebt9HnXdyYA6KgLXr1n4P
2026-05-25,blackpink,블랙핑크,BLACKPINK,female,22112746,,41MozSoPIsD1dJM0CLPjZF
2026-05-25,aespa,에스파,aespa,female,10316448,,6YVMFz59CuY7ngCxTxjpxE
2026-05-25,i-dle,아이들,i-dle,female,6933351,,2AfmfGFbe0A0WsTYm0SDTx
2026-05-25,red-velvet,레드벨벳,Red Velvet,female,5987811,,1z4g3DjTBBZKhvAroFlhOM
2026-05-25,newjeans,뉴진스,NewJeans,female,13743714,,6HvZYsbFfjnjFrWF950C9d
2026-05-25,twice,트와이스,TWICE,female,16040864,,7n2Ycct7Beij7Dj7meI4X0
2026-05-25,ive,아이브,IVE,female,6675420,,6RHTUrRF63xao58xh9FXYJ
2026-05-25,babymonster,베이비몬스터,BABYMONSTER,female,8614549,,1SIocsqdEefUTE6XKGUiVS
2026-05-25,le-sserafim,르세라핌,LE SSERAFIM,female,15581453,,4SpbR6yFEvexJuaBpgAU5p
2026-05-25,illit,아일릿,ILLIT,female,14277754,,36cgvBn0aadzOijnjjwqMN
2026-05-25,fifty-fifty,피프티피프티,FIFTY FIFTY,female,6348942,,4GJ6xDCF5jaUqD6avOuQT6
2026-05-25,hearts2hearts,하츠투하츠,Hearts2Hearts,female,8530362,,1ZLU77nRzQIaP23mVSYpCQ
2026-05-25,bts,방탄소년단,BTS,male,38027118,,3Nrfpe0tUJi4K4DXYWgMUX
2026-05-25,stray-kids,스트레이키즈,Stray Kids,male,10140356,,2dIgFjalVxs4ThymZ67YCE
2026-05-25,txt,투모로우바이투게더,TXT,male,7040761,,0ghlgldX5Dd6720Q3qFyQB
2026-05-25,enhypen,엔하이픈,ENHYPEN,male,9564033,,5t5FqBwTcgKTaWmfEbwQY9
2026-05-25,cortis,코르티스,CORTIS,male,12011773,,1ebt9HnXdyYA6KgLXr1n4P
2026-06-01,blackpink,블랙핑크,BLACKPINK,female,21894386,,41MozSoPIsD1dJM0CLPjZF
2026-06-01,aespa,에스파,aespa,female,10880546,,6YVMFz59CuY7ngCxTxjpxE
2026-06-01,i-dle,아이들,i-dle,female,6878724,,2AfmfGFbe0A0WsTYm0SDTx
2026-06-01,red-velvet,레드벨벳,Red Velvet,female,5944587,,1z4g3DjTBBZKhvAroFlhOM
2026-06-01,newjeans,뉴진스,NewJeans,female,13657261,,6HvZYsbFfjnjFrWF950C9d
2026-06-01,twice,트와이스,TWICE,female,15728876,,7n2Ycct7Beij7Dj7meI4X0
2026-06-01,ive,아이브,IVE,female,6649945,,6RHTUrRF63xao58xh9FXYJ
2026-06-01,babymonster,베이비몬스터,BABYMONSTER,female,8950266,,1SIocsqdEefUTE6XKGUiVS
2026-06-01,le-sserafim,르세라핌,LE SSERAFIM,female,16072941,,4SpbR6yFEvexJuaBpgAU5p
2026-06-01,illit,아일릿,ILLIT,female,14688566,,36cgvBn0aadzOijnjjwqMN
2026-06-01,fifty-fifty,피프티피프티,FIFTY FIFTY,female,6521100,,4GJ6xDCF5jaUqD6avOuQT6
2026-06-01,hearts2hearts,하츠투하츠,Hearts2Hearts,female,8453050,,1ZLU77nRzQIaP23mVSYpCQ
2026-06-01,bts,방탄소년단,BTS,male,37594024,,3Nrfpe0tUJi4K4DXYWgMUX
2026-06-01,stray-kids,스트레이키즈,Stray Kids,male,10043928,,2dIgFjalVxs4ThymZ67YCE
2026-06-01,txt,투모로우바이투게더,TXT,male,6839682,,0ghlgldX5Dd6720Q3qFyQB
2026-06-01,enhypen,엔하이픈,ENHYPEN,male,9392237,,5t5FqBwTcgKTaWmfEbwQY9
2026-06-01,cortis,코르티스,CORTIS,male,12221803,,1ebt9HnXdyYA6KgLXr1n4P
2026-06-08,blackpink,블랙핑크,BLACKPINK,female,21779056,,41MozSoPIsD1dJM0CLPjZF
2026-06-08,aespa,에스파,aespa,female,11697292,,6YVMFz59CuY7ngCxTxjpxE
2026-06-08,i-dle,아이들,i-dle,female,6837610,,2AfmfGFbe0A0WsTYm0SDTx
2026-06-08,red-velvet,레드벨벳,Red Velvet,female,5982816,,1z4g3DjTBBZKhvAroFlhOM
2026-06-08,newjeans,뉴진스,NewJeans,female,13588038,,6HvZYsbFfjnjFrWF950C9d
2026-06-08,twice,트와이스,TWICE,female,15539738,,7n2Ycct7Beij7Dj7meI4X0
2026-06-08,ive,아이브,IVE,female,6586267,,6RHTUrRF63xao58xh9FXYJ
2026-06-08,babymonster,베이비몬스터,BABYMONSTER,female,8988854,,1SIocsqdEefUTE6XKGUiVS
2026-06-08,le-sserafim,르세라핌,LE SSERAFIM,female,16598557,,4SpbR6yFEvexJuaBpgAU5p
2026-06-08,illit,아일릿,ILLIT,female,14717089,,36cgvBn0aadzOijnjjwqMN
2026-06-08,fifty-fifty,피프티피프티,FIFTY FIFTY,female,6758926,,4GJ6xDCF5jaUqD6avOuQT6
2026-06-08,hearts2hearts,하츠투하츠,Hearts2Hearts,female,8416483,,1ZLU77nRzQIaP23mVSYpCQ
2026-06-08,bts,방탄소년단,BTS,male,37110262,,3Nrfpe0tUJi4K4DXYWgMUX
2026-06-08,stray-kids,스트레이키즈,Stray Kids,male,9967003,,2dIgFjalVxs4ThymZ67YCE
2026-06-08,txt,투모로우바이투게더,TXT,male,6691732,,0ghlgldX5Dd6720Q3qFyQB
2026-06-08,enhypen,엔하이픈,ENHYPEN,male,9131996,,5t5FqBwTcgKTaWmfEbwQY9
2026-06-08,cortis,코르티스,CORTIS,male,12160738,,1ebt9HnXdyYA6KgLXr1n4P
2026-06-15,blackpink,블랙핑크,BLACKPINK,female,21576002,,41MozSoPIsD1dJM0CLPjZF
2026-06-15,aespa,에스파,aespa,female,12108269,,6YVMFz59CuY7ngCxTxjpxE
2026-06-15,i-dle,아이들,i-dle,female,6752842,,2AfmfGFbe0A0WsTYm0SDTx
2026-06-15,red-velvet,레드벨벳,Red Velvet,female,5988689,,1z4g3DjTBBZKhvAroFlhOM
2026-06-15,newjeans,뉴진스,NewJeans,female,13604303,,6HvZYsbFfjnjFrWF950C9d
2026-06-15,twice,트와이스,TWICE,female,15404838,,7n2Ycct7Beij7Dj7meI4X0
2026-06-15,ive,아이브,IVE,female,6538308,,6RHTUrRF63xao58xh9FXYJ
2026-06-15,babymonster,베이비몬스터,BABYMONSTER,female,8863952,,1SIocsqdEefUTE6XKGUiVS
2026-06-15,le-sserafim,르세라핌,LE SSERAFIM,female,17593103,,4SpbR6yFEvexJuaBpgAU5p
2026-06-15,illit,아일릿,ILLIT,female,15384051,,36cgvBn0aadzOijnjjwqMN
2026-06-15,fifty-fifty,피프티피프티,FIFTY FIFTY,female,6905131,,4GJ6xDCF5jaUqD6avOuQT6
2026-06-15,hearts2hearts,하츠투하츠,Hearts2Hearts,female,8342052,,1ZLU77nRzQIaP23mVSYpCQ
2026-06-15,bts,방탄소년단,BTS,male,37214341,,3Nrfpe0tUJi4K4DXYWgMUX
2026-06-15,stray-kids,스트레이키즈,Stray Kids,male,9881398,,2dIgFjalVxs4ThymZ67YCE
2026-06-15,txt,투모로우바이투게더,TXT,male,6597431,,0ghlgldX5Dd6720Q3qFyQB
2026-06-15,enhypen,엔하이픈,ENHYPEN,male,8960951,,5t5FqBwTcgKTaWmfEbwQY9
2026-06-15,cortis,코르티스,CORTIS,male,12007033,,1ebt9HnXdyYA6KgLXr1n4P
2026-06-22,blackpink,블랙핑크,BLACKPINK,female,21268106,,41MozSoPIsD1dJM0CLPjZF
2026-06-22,aespa,에스파,aespa,female,12261505,,6YVMFz59CuY7ngCxTxjpxE
2026-06-22,i-dle,아이들,i-dle,female,6791027,,2AfmfGFbe0A0WsTYm0SDTx
2026-06-22,red-velvet,레드벨벳,Red Velvet,female,5998299,,1z4g3DjTBBZKhvAroFlhOM
2026-06-22,newjeans,뉴진스,NewJeans,female,13749229,,6HvZYsbFfjnjFrWF950C9d
2026-06-22,twice,트와이스,TWICE,female,15236957,,7n2Ycct7Beij7Dj7meI4X0
2026-06-22,ive,아이브,IVE,female,6462011,,6RHTUrRF63xao58xh9FXYJ
2026-06-22,babymonster,베이비몬스터,BABYMONSTER,female,8847620,,1SIocsqdEefUTE6XKGUiVS
2026-06-22,le-sserafim,르세라핌,LE SSERAFIM,female,19872125,,4SpbR6yFEvexJuaBpgAU5p
2026-06-22,illit,아일릿,ILLIT,female,17962558,,36cgvBn0aadzOijnjjwqMN
2026-06-22,fifty-fifty,피프티피프티,FIFTY FIFTY,female,6893605,,4GJ6xDCF5jaUqD6avOuQT6
2026-06-22,hearts2hearts,하츠투하츠,Hearts2Hearts,female,8237401,,1ZLU77nRzQIaP23mVSYpCQ
2026-06-22,bts,방탄소년단,BTS,male,37522983,,3Nrfpe0tUJi4K4DXYWgMUX
2026-06-22,stray-kids,스트레이키즈,Stray Kids,male,9687869,,2dIgFjalVxs4ThymZ67YCE
2026-06-22,txt,투모로우바이투게더,TXT,male,6497220,,0ghlgldX5Dd6720Q3qFyQB
2026-06-22,enhypen,엔하이픈,ENHYPEN,male,8831279,,5t5FqBwTcgKTaWmfEbwQY9
2026-06-22,cortis,코르티스,CORTIS,male,12052536,,1ebt9HnXdyYA6KgLXr1n4P
2026-06-29,blackpink,블랙핑크,BLACKPINK,female,20867531,,41MozSoPIsD1dJM0CLPjZF
2026-06-29,aespa,에스파,aespa,female,12222162,,6YVMFz59CuY7ngCxTxjpxE
2026-06-29,i-dle,아이들,i-dle,female,6885876,,2AfmfGFbe0A0WsTYm0SDTx
2026-06-29,red-velvet,레드벨벳,Red Velvet,female,6058231,,1z4g3DjTBBZKhvAroFlhOM
2026-06-29,newjeans,뉴진스,NewJeans,female,13933881,,6HvZYsbFfjnjFrWF950C9d
2026-06-29,twice,트와이스,TWICE,female,15159830,,7n2Ycct7Beij7Dj7meI4X0
2026-06-29,ive,아이브,IVE,female,6313467,,6RHTUrRF63xao58xh9FXYJ
2026-06-29,babymonster,베이비몬스터,BABYMONSTER,female,8713892,,1SIocsqdEefUTE6XKGUiVS
2026-06-29,le-sserafim,르세라핌,LE SSERAFIM,female,21513732,,4SpbR6yFEvexJuaBpgAU5p
2026-06-29,illit,아일릿,ILLIT,female,19989861,,36cgvBn0aadzOijnjjwqMN
2026-06-29,fifty-fifty,피프티피프티,FIFTY FIFTY,female,6820494,,4GJ6xDCF5jaUqD6avOuQT6
2026-06-29,hearts2hearts,하츠투하츠,Hearts2Hearts,female,8280278,,1ZLU77nRzQIaP23mVSYpCQ
2026-06-29,bts,방탄소년단,BTS,male,37378471,,3Nrfpe0tUJi4K4DXYWgMUX
2026-06-29,stray-kids,스트레이키즈,Stray Kids,male,9867441,,2dIgFjalVxs4ThymZ67YCE
2026-06-29,txt,투모로우바이투게더,TXT,male,6433132,,0ghlgldX5Dd6720Q3qFyQB
2026-06-29,enhypen,엔하이픈,ENHYPEN,male,8835883,,5t5FqBwTcgKTaWmfEbwQY9
2026-06-29,cortis,코르티스,CORTIS,male,12319934,,1ebt9HnXdyYA6KgLXr1n4P
2026-07-06,blackpink,블랙핑크,BLACKPINK,female,20399445,,41MozSoPIsD1dJM0CLPjZF
2026-07-06,aespa,에스파,aespa,female,12007544,,6YVMFz59CuY7ngCxTxjpxE
2026-07-06,i-dle,아이들,i-dle,female,6887598,,2AfmfGFbe0A0WsTYm0SDTx
2026-07-06,red-velvet,레드벨벳,Red Velvet,female,6094752,,1z4g3DjTBBZKhvAroFlhOM
2026-07-06,newjeans,뉴진스,NewJeans,female,14038522,,6HvZYsbFfjnjFrWF950C9d
2026-07-06,twice,트와이스,TWICE,female,15123756,,7n2Ycct7Beij7Dj7meI4X0
2026-07-06,ive,아이브,IVE,female,6220659,,6RHTUrRF63xao58xh9FXYJ
2026-07-06,babymonster,베이비몬스터,BABYMONSTER,female,8609967,,1SIocsqdEefUTE6XKGUiVS
2026-07-06,le-sserafim,르세라핌,LE SSERAFIM,female,22535191,,4SpbR6yFEvexJuaBpgAU5p
2026-07-06,illit,아일릿,ILLIT,female,21851575,,36cgvBn0aadzOijnjjwqMN
2026-07-06,fifty-fifty,피프티피프티,FIFTY FIFTY,female,6741781,,4GJ6xDCF5jaUqD6avOuQT6
2026-07-06,hearts2hearts,하츠투하츠,Hearts2Hearts,female,8273226,,1ZLU77nRzQIaP23mVSYpCQ
2026-07-06,bts,방탄소년단,BTS,male,37040323,,3Nrfpe0tUJi4K4DXYWgMUX
2026-07-06,stray-kids,스트레이키즈,Stray Kids,male,10176332,,2dIgFjalVxs4ThymZ67YCE
2026-07-06,txt,투모로우바이투게더,TXT,male,6429298,,0ghlgldX5Dd6720Q3qFyQB
2026-07-06,enhypen,엔하이픈,ENHYPEN,male,8869918,,5t5FqBwTcgKTaWmfEbwQY9
2026-07-06,cortis,코르티스,CORTIS,male,12440539,,1ebt9HnXdyYA6KgLXr1n4P
2026-07-13,blackpink,블랙핑크,BLACKPINK,female,20053364,,41MozSoPIsD1dJM0CLPjZF
2026-07-13,aespa,에스파,aespa,female,11422359,,6YVMFz59CuY7ngCxTxjpxE
2026-07-13,i-dle,아이들,i-dle,female,7000980,,2AfmfGFbe0A0WsTYm0SDTx
2026-07-13,red-velvet,레드벨벳,Red Velvet,female,5870246,,1z4g3DjTBBZKhvAroFlhOM
2026-07-13,newjeans,뉴진스,NewJeans,female,14031634,,6HvZYsbFfjnjFrWF950C9d
2026-07-13,twice,트와이스,TWICE,female,14957777,,7n2Ycct7Beij7Dj7meI4X0
2026-07-13,ive,아이브,IVE,female,6065235,,6RHTUrRF63xao58xh9FXYJ
2026-07-13,babymonster,베이비몬스터,BABYMONSTER,female,8389458,,1SIocsqdEefUTE6XKGUiVS
2026-07-13,le-sserafim,르세라핌,LE SSERAFIM,female,22988234,,4SpbR6yFEvexJuaBpgAU5p
2026-07-13,illit,아일릿,ILLIT,female,22750613,,36cgvBn0aadzOijnjjwqMN
2026-07-13,fifty-fifty,피프티피프티,FIFTY FIFTY,female,6427155,,4GJ6xDCF5jaUqD6avOuQT6
2026-07-13,hearts2hearts,하츠투하츠,Hearts2Hearts,female,8308080,,1ZLU77nRzQIaP23mVSYpCQ
2026-07-13,bts,방탄소년단,BTS,male,36073962,,3Nrfpe0tUJi4K4DXYWgMUX
2026-07-13,stray-kids,스트레이키즈,Stray Kids,male,10550638,,2dIgFjalVxs4ThymZ67YCE
2026-07-13,txt,투모로우바이투게더,TXT,male,6326699,,0ghlgldX5Dd6720Q3qFyQB
2026-07-13,enhypen,엔하이픈,ENHYPEN,male,8816588,,5t5FqBwTcgKTaWmfEbwQY9
2026-07-13,cortis,코르티스,CORTIS,male,12659930,,1ebt9HnXdyYA6KgLXr1n4P
2026-07-20,blackpink,블랙핑크,BLACKPINK,female,19736176,,41MozSoPIsD1dJM0CLPjZF
2026-07-20,aespa,에스파,aespa,female,11126168,,6YVMFz59CuY7ngCxTxjpxE
2026-07-20,i-dle,아이들,i-dle,female,7085362,,2AfmfGFbe0A0WsTYm0SDTx
2026-07-20,newjeans,뉴진스,NewJeans,female,14031772,,6HvZYsbFfjnjFrWF950C9d
2026-07-20,twice,트와이스,TWICE,female,14915624,,7n2Ycct7Beij7Dj7meI4X0
2026-07-20,ive,아이브,IVE,female,5971755,,6RHTUrRF63xao58xh9FXYJ
2026-07-20,babymonster,베이비몬스터,BABYMONSTER,female,8048819,,1SIocsqdEefUTE6XKGUiVS
2026-07-20,le-sserafim,르세라핌,LE SSERAFIM,female,22433676,,4SpbR6yFEvexJuaBpgAU5p
2026-07-20,illit,아일릿,ILLIT,female,22482979,,36cgvBn0aadzOijnjjwqMN
2026-07-20,fifty-fifty,피프티피프티,FIFTY FIFTY,female,6320838,,4GJ6xDCF5jaUqD6avOuQT6
2026-07-20,hearts2hearts,하츠투하츠,Hearts2Hearts,female,8256053,,1ZLU77nRzQIaP23mVSYpCQ
2026-07-20,bts,방탄소년단,BTS,male,35210411,,3Nrfpe0tUJi4K4DXYWgMUX
2026-07-20,stray-kids,스트레이키즈,Stray Kids,male,10665203,,2dIgFjalVxs4ThymZ67YCE
2026-07-20,txt,투모로우바이투게더,TXT,male,6246332,,0ghlgldX5Dd6720Q3qFyQB
2026-07-20,enhypen,엔하이픈,ENHYPEN,male,8816098,,5t5FqBwTcgKTaWmfEbwQY9
2026-07-20,cortis,코르티스,CORTIS,male,12750796,,1ebt9HnXdyYA6KgLXr1n4P
2026-07-27,blackpink,블랙핑크,BLACKPINK,female,19657547,,41MozSoPIsD1dJM0CLPjZF
2026-07-27,aespa,에스파,aespa,female,10926352,,6YVMFz59CuY7ngCxTxjpxE
2026-07-27,i-dle,아이들,i-dle,female,7087898,,2AfmfGFbe0A0WsTYm0SDTx
2026-07-27,newjeans,뉴진스,NewJeans,female,14020684,,6HvZYsbFfjnjFrWF950C9d
2026-07-27,twice,트와이스,TWICE,female,15005050,,7n2Ycct7Beij7Dj7meI4X0
2026-07-27,ive,아이브,IVE,female,5928892,,6RHTUrRF63xao58xh9FXYJ
2026-07-27,babymonster,베이비몬스터,BABYMONSTER,female,7877033,,1SIocsqdEefUTE6XKGUiVS
2026-07-27,le-sserafim,르세라핌,LE SSERAFIM,female,21992859,,4SpbR6yFEvexJuaBpgAU5p
2026-07-27,illit,아일릿,ILLIT,female,22188172,,36cgvBn0aadzOijnjjwqMN
2026-07-27,fifty-fifty,피프티피프티,FIFTY FIFTY,female,6181610,,4GJ6xDCF5jaUqD6avOuQT6
2026-07-27,hearts2hearts,하츠투하츠,Hearts2Hearts,female,8115886,,1ZLU77nRzQIaP23mVSYpCQ
2026-07-27,bts,방탄소년단,BTS,male,35689139,,3Nrfpe0tUJi4K4DXYWgMUX
2026-07-27,stray-kids,스트레이키즈,Stray Kids,male,10601722,,2dIgFjalVxs4ThymZ67YCE
2026-07-27,txt,투모로우바이투게더,TXT,male,6148994,,0ghlgldX5Dd6720Q3qFyQB
2026-07-27,enhypen,엔하이픈,ENHYPEN,male,8791932,,5t5FqBwTcgKTaWmfEbwQY9
2026-07-27,ateez,에이티즈,ATEEZ,male,6089577,,68KmkJeZGfwe1OUaivBa2L
2026-07-27,cortis,코르티스,CORTIS,male,12729472,,1ebt9HnXdyYA6KgLXr1n4P
2026-08-03,blackpink,블랙핑크,BLACKPINK,female,19760939,,41MozSoPIsD1dJM0CLPjZF
2026-08-03,aespa,에스파,aespa,female,11002038,,6YVMFz59CuY7ngCxTxjpxE
2026-08-03,i-dle,아이들,i-dle,female,7176296,,2AfmfGFbe0A0WsTYm0SDTx
2026-08-03,newjeans,뉴진스,NewJeans,female,14153737,,6HvZYsbFfjnjFrWF950C9d
2026-08-03,twice,트와이스,TWICE,female,14969236,,7n2Ycct7Beij7Dj7meI4X0
2026-08-03,ive,아이브,IVE,female,5903926,,6RHTUrRF63xao58xh9FXYJ
2026-08-03,babymonster,베이비몬스터,BABYMONSTER,female,7775908,,1SIocsqdEefUTE6XKGUiVS
2026-08-03,le-sserafim,르세라핌,LE SSERAFIM,female,21499888,,4SpbR6yFEvexJuaBpgAU5p
2026-08-03,illit,아일릿,ILLIT,female,21935431,,36cgvBn0aadzOijnjjwqMN
2026-08-03,fifty-fifty,피프티피프티,FIFTY FIFTY,female,6133039,,4GJ6xDCF5jaUqD6avOuQT6
2026-08-03,hearts2hearts,하츠투하츠,Hearts2Hearts,female,7961904,,1ZLU77nRzQIaP23mVSYpCQ
2026-08-03,bts,방탄소년단,BTS,male,36157998,,3Nrfpe0tUJi4K4DXYWgMUX
2026-08-03,stray-kids,스트레이키즈,Stray Kids,male,10204323,,2dIgFjalVxs4ThymZ67YCE
2026-08-03,txt,투모로우바이투게더,TXT,male,6006841,,0ghlgldX5Dd6720Q3qFyQB
2026-08-03,enhypen,엔하이픈,ENHYPEN,male,8733901,,5t5FqBwTcgKTaWmfEbwQY9
2026-08-03,ateez,에이티즈,ATEEZ,male,6528855,,68KmkJeZGfwe1OUaivBa2L
2026-08-03,cortis,코르티스,CORTIS,male,12611996,,1ebt9HnXdyYA6KgLXr1n4P
2026-08-10,blackpink,블랙핑크,BLACKPINK,female,19864645,,41MozSoPIsD1dJM0CLPjZF
2026-08-10,aespa,에스파,aespa,female,11194259,,6YVMFz59CuY7ngCxTxjpxE
2026-08-10,i-dle,아이들,i-dle,female,7245256,,2AfmfGFbe0A0WsTYm0SDTx
2026-08-10,red-velvet,레드벨벳,Red Velvet,female,5944735,,1z4g3DjTBBZKhvAroFlhOM
2026-08-10,newjeans,뉴진스,NewJeans,female,14120990,,6HvZYsbFfjnjFrWF950C9d
2026-08-10,twice,트와이스,TWICE,female,14996669,,7n2Ycct7Beij7Dj7meI4X0
2026-08-10,babymonster,베이비몬스터,BABYMONSTER,female,7771092,,1SIocsqdEefUTE6XKGUiVS
2026-08-10,le-sserafim,르세라핌,LE SSERAFIM,female,21071612,,4SpbR6yFEvexJuaBpgAU5p
2026-08-10,illit,아일릿,ILLIT,female,21721815,,36cgvBn0aadzOijnjjwqMN
2026-08-10,fifty-fifty,피프티피프티,FIFTY FIFTY,female,6139581,,4GJ6xDCF5jaUqD6avOuQT6
2026-08-10,hearts2hearts,하츠투하츠,Hearts2Hearts,female,7936920,,1ZLU77nRzQIaP23mVSYpCQ
2026-08-10,bts,방탄소년단,BTS,male,36525290,,3Nrfpe0tUJi4K4DXYWgMUX
2026-08-10,stray-kids,스트레이키즈,Stray Kids,male,10250120,,2dIgFjalVxs4ThymZ67YCE
2026-08-10,txt,투모로우바이투게더,TXT,male,5939174,,0ghlgldX5Dd6720Q3qFyQB
2026-08-10,enhypen,엔하이픈,ENHYPEN,male,8741155,,5t5FqBwTcgKTaWmfEbwQY9
2026-08-10,ateez,에이티즈,ATEEZ,male,6816058,,68KmkJeZGfwe1OUaivBa2L
2026-08-10,cortis,코르티스,CORTIS,male,12876803,,1ebt9HnXdyYA6KgLXr1n4P
2026-08-17,blackpink,블랙핑크,BLACKPINK,female,19972082,,41MozSoPIsD1dJM0CLPjZF
2026-08-17,aespa,에스파,aespa,female,11279810,,6YVMFz59CuY7ngCxTxjpxE
2026-08-17,i-dle,아이들,i-dle,female,7181019,,2AfmfGFbe0A0WsTYm0SDTx
2026-08-17,red-velvet,레드벨벳,Red Velvet,female,6438589,,1z4g3DjTBBZKhvAroFlhOM
2026-08-17,newjeans,뉴진스,NewJeans,female,14018249,,6HvZYsbFfjnjFrWF950C9d
2026-08-17,twice,트와이스,TWICE,female,15060756,,7n2Ycct7Beij7Dj7meI4X0
2026-08-17,babymonster,베이비몬스터,BABYMONSTER,female,7823565,,1SIocsqdEefUTE6XKGUiVS
2026-08-17,le-sserafim,르세라핌,LE SSERAFIM,female,20888747,,4SpbR6yFEvexJuaBpgAU5p
2026-08-17,illit,아일릿,ILLIT,female,21716855,,36cgvBn0aadzOijnjjwqMN
2026-08-17,fifty-fifty,피프티피프티,FIFTY FIFTY,female,6102367,,4GJ6xDCF5jaUqD6avOuQT6
2026-08-17,hearts2hearts,하츠투하츠,Hearts2Hearts,female,8045344,,1ZLU77nRzQIaP23mVSYpCQ
2026-08-17,bts,방탄소년단,BTS,male,36415428,,3Nrfpe0tUJi4K4DXYWgMUX
2026-08-17,stray-kids,스트레이키즈,Stray Kids,male,10675460,,2dIgFjalVxs4ThymZ67YCE
2026-08-17,txt,투모로우바이투게더,TXT,male,6009341,,0ghlgldX5Dd6720Q3qFyQB
2026-08-17,enhypen,엔하이픈,ENHYPEN,male,8821273,,5t5FqBwTcgKTaWmfEbwQY9
2026-08-17,ateez,에이티즈,ATEEZ,male,7000231,,68KmkJeZGfwe1OUaivBa2L
2026-08-17,cortis,코르티스,CORTIS,male,12900218,,1ebt9HnXdyYA6KgLXr1n4P
2026-08-24,blackpink,블랙핑크,BLACKPINK,female,19969013,,41MozSoPIsD1dJM0CLPjZF
2026-08-24,aespa,에스파,aespa,female,11370044,,6YVMFz59CuY7ngCxTxjpxE
2026-08-24,i-dle,아이들,i-dle,female,7130137,,2AfmfGFbe0A0WsTYm0SDTx
2026-08-24,red-velvet,레드벨벳,Red Velvet,female,6855915,,1z4g3DjTBBZKhvAroFlhOM
2026-08-24,newjeans,뉴진스,NewJeans,female,13891189,,6HvZYsbFfjnjFrWF950C9d
2026-08-24,twice,트와이스,TWICE,female,15000707,,7n2Ycct7Beij7Dj7meI4X0
2026-08-24,babymonster,베이비몬스터,BABYMONSTER,female,7823346,,1SIocsqdEefUTE6XKGUiVS
2026-08-24,le-sserafim,르세라핌,LE SSERAFIM,female,20701394,,4SpbR6yFEvexJuaBpgAU5p
2026-08-24,illit,아일릿,ILLIT,female,21550242,,36cgvBn0aadzOijnjjwqMN
2026-08-24,fifty-fifty,피프티피프티,FIFTY FIFTY,female,6125099,,4GJ6xDCF5jaUqD6avOuQT6
2026-08-24,hearts2hearts,하츠투하츠,Hearts2Hearts,female,8096649,,1ZLU77nRzQIaP23mVSYpCQ
2026-08-24,bts,방탄소년단,BTS,male,35437051,,3Nrfpe0tUJi4K4DXYWgMUX
2026-08-24,stray-kids,스트레이키즈,Stray Kids,male,10895789,,2dIgFjalVxs4ThymZ67YCE
2026-08-24,txt,투모로우바이투게더,TXT,male,6119661,,0ghlgldX5Dd6720Q3qFyQB
2026-08-24,enhypen,엔하이픈,ENHYPEN,male,9010851,,5t5FqBwTcgKTaWmfEbwQY9
2026-08-24,ateez,에이티즈,ATEEZ,male,7168408,,68KmkJeZGfwe1OUaivBa2L
2026-08-24,cortis,코르티스,CORTIS,male,12807246,,1ebt9HnXdyYA6KgLXr1n4P
2026-08-31,blackpink,블랙핑크,BLACKPINK,female,19716283,,41MozSoPIsD1dJM0CLPjZF
2026-08-31,aespa,에스파,aespa,female,11312260,,6YVMFz59CuY7ngCxTxjpxE
2026-08-31,i-dle,아이들,i-dle,female,7037078,,2AfmfGFbe0A0WsTYm0SDTx
2026-08-31,red-velvet,레드벨벳,Red Velvet,female,7237358,,1z4g3DjTBBZKhvAroFlhOM
2026-08-31,newjeans,뉴진스,NewJeans,female,13730774,,6HvZYsbFfjnjFrWF950C9d
2026-08-31,twice,트와이스,TWICE,female,14939376,,7n2Ycct7Beij7Dj7meI4X0
2026-08-31,babymonster,베이비몬스터,BABYMONSTER,female,7742414,,1SIocsqdEefUTE6XKGUiVS
2026-08-31,le-sserafim,르세라핌,LE SSERAFIM,female,20516438,,4SpbR6yFEvexJuaBpgAU5p
2026-08-31,illit,아일릿,ILLIT,female,21395464,,36cgvBn0aadzOijnjjwqMN
2026-08-31,fifty-fifty,피프티피프티,FIFTY FIFTY,female,6123009,,4GJ6xDCF5jaUqD6avOuQT6
2026-08-31,hearts2hearts,하츠투하츠,Hearts2Hearts,female,8011025,,1ZLU77nRzQIaP23mVSYpCQ
2026-08-31,bts,방탄소년단,BTS,male,34202984,,3Nrfpe0tUJi4K4DXYWgMUX
2026-08-31,stray-kids,스트레이키즈,Stray Kids,male,11036447,,2dIgFjalVxs4ThymZ67YCE
2026-08-31,txt,투모로우바이투게더,TXT,male,6344360,,0ghlgldX5Dd6720Q3qFyQB
2026-08-31,enhypen,엔하이픈,ENHYPEN,male,9880422,,5t5FqBwTcgKTaWmfEbwQY9
2026-08-31,ateez,에이티즈,ATEEZ,male,7214000,,68KmkJeZGfwe1OUaivBa2L
2026-08-31,cortis,코르티스,CORTIS,male,12908094,,1ebt9HnXdyYA6KgLXr1n4P
