gender,name,name_en,tiktok_url
여자,뉴진스,NewJeans,https://www.tiktok.com/@newjeans_official
여자,드림캐쳐,Dreamcatcher,https://www.tiktok.com/@official_dreamcatcher
여자,라임라이트,LIMELIGHT,https://www.tiktok.com/@limelightseoul
여자,러브원,LOVEONE,https://www.tiktok.com/@loveone_tik
여자,레드벨벳,Red Velvet,https://www.tiktok.com/@redvelvet_smtown
여자,로켓펀치,Rocket Punch,https://www.tiktok.com/@official_rocketpunch
여자,루셈블,Loossemble,https://www.tiktok.com/@loossemble_official
여자,르세라핌,LE SSERAFIM,https://www.tiktok.com/@le_sserafim
여자,리센느,RESCENE,https://www.tiktok.com/@rescene_official
여자,마마무,MAMAMOO,https://www.tiktok.com/@official_mamamoo
여자,메이딘,MADEIN,https://www.tiktok.com/@madein_u
여자,미야오,MEOVV,https://www.tiktok.com/@meovv_official
여자,배드빌런,BADVILLAIN,https://www.tiktok.com/@badvillain_bpm
여자,버비,Burvey,https://www.tiktok.com/@official_burvey
여자,베이비돈크라이,Baby DONT Cry,https://www.tiktok.com/@babydontcry.official
여자,베이비몬스터,BABYMONSTER,https://www.tiktok.com/@babymonster_yg_tiktok
여자,블랙스완,BLACKSWAN,https://www.tiktok.com/@blackswan__official
여자,블랙핑크,BLACKPINK,https://www.tiktok.com/@bp_tiktok
여자,븨븨에스,VVS,https://www.tiktok.com/@vvs_mzmc
여자,비비지,VIVIZ,https://www.tiktok.com/@viviz_bpm
여자,비웨이브,BEWAVE,https://www.tiktok.com/@bewave_official
여자,빌리,Billlie,https://www.tiktok.com/@billlie.official
여자,세이마이네임,SMN,https://www.tiktok.com/@sa2m2nam3
여자,수피아,SPIA,https://www.tiktok.com/@spia_official
여자,스모즈,SMORZ,https://www.tiktok.com/@smorz_official_
여자,스테이씨,STAYC,https://www.tiktok.com/@stayc_official
여자,시그니처,cignature,https://www.tiktok.com/@cignature_j9
여자,시크릿넘버,SECRET NUMBER,https://www.tiktok.com/@secretnumber.official
여자,아르테미스,ARTMS,https://www.tiktok.com/@official_artms
여자,아이들,i-dle,https://www.tiktok.com/@official_i_dle
여자,아이딧,IDID,https://www.tiktok.com/@idid_starship
여자,아이리스,IRRIS,https://www.tiktok.com/@irris_offcl
여자,아이리제,IRISÉ,https://www.tiktok.com/@official_irise
여자,아이몬드,I:MOND,https://www.tiktok.com/@i.mond_official
여자,아이브,IVE,https://www.tiktok.com/@ive.official
여자,아이칠린,ICHILLIN',https://www.tiktok.com/@ichillin_km
여자,아일리원,ILY:1,https://www.tiktok.com/@fcenm_ily1
여자,아일릿,ILLIT,https://www.tiktok.com/@illit_official
여자,아트비트,ARTBEAT v,https://www.tiktok.com/@artbeat.official
여자,앳하트,AtHeart,https://www.tiktok.com/@atheart.titan
여자,어블룸,ablume,https://www.tiktok.com/@ablume_official
여자,언차일드,UNCHILD,https://www.tiktok.com/@official_unchild
여자,에버글로우,EVERGLOW,https://www.tiktok.com/@everglowofficial
여자,에스투잇,S2IT,https://www.tiktok.com/@s2it_official
여자,에스파,aespa,https://www.tiktok.com/@aespa_official
여자,에이디야,ADYA,https://www.tiktok.com/@adya_house
여자,에이퓨처,Afuture,https://www.tiktok.com/@4x4dancecrew
여자,엔믹스,NMIXX,https://www.tiktok.com/@nmixx_official
여자,영파씨,YOUNG POSSE,https://www.tiktok.com/@youngposseup
여자,오드유스,ODD YOUTH,https://www.tiktok.com/@odd_youth
여자,오마이걸,OH MY GIRL,https://www.tiktok.com/@wm_ohmygirl
여자,오위스,OWIS,https://www.tiktok.com/@owis_official
여자,우당탕탕 소녀단,UDTT,https://www.tiktok.com/@udtt_official
여자,우아,WOOAH,https://www.tiktok.com/@wooah_hm
여자,우주소녀,WJSN,https://www.tiktok.com/@official_wjsn
여자,위나,We;Na,https://www.tiktok.com/@wena_official_
여자,위치스,W!TCHX,https://www.tiktok.com/@witchxofficial
여자,위클리,Weeekly,https://www.tiktok.com/@weeekly
여자,위키미키,Weki Meki,https://www.tiktok.com/@wm_official
여자,유니스,UNIS,https://www.tiktok.com/@unis_offcl
여자,유니코드,UNICODE,https://www.tiktok.com/@unicode_official
여자,유스피어,USPEER,https://www.tiktok.com/@uspeer.official
여자,이즈나,izna,https://www.tiktok.com/@izna_offcl
여자,이프아이,ifeye,https://www.tiktok.com/@ifeye_official
여자,있지,ITZY,https://www.tiktok.com/@itzyofficial
여자,지니어스,Geenius,https://www.tiktok.com/@geeniusofficial
여자,첫사랑,CSR,https://www.tiktok.com/@csr.offcl
여자,캔디샵,Candy Shop,https://www.tiktok.com/@brave.candyshop
여자,케플러,Kep1er,https://www.tiktok.com/@official_kep1er
여자,큐더블유이알,QWER,https://www.tiktok.com/@qwerband_official
여자,크랙시,CRAXY,https://www.tiktok.com/@craxy_official
여자,클라씨,CLASS:y,https://www.tiktok.com/@classy_tiktok_
여자,키라스,KIIRAS,https://www.tiktok.com/@official_kiiras
여자,키스오브라이프,KISS OF LIFE,https://www.tiktok.com/@kissoflife_official
여자,키키,KiiiKiii,https://www.tiktok.com/@kiiikiii_official
여자,트라이비,TRI.BE,https://www.tiktok.com/@tribedaloca
여자,트레이서,Tracer,https://www.tiktok.com/@tracer_official
여자,트리플에스,tripleS,https://www.tiktok.com/@triplescosmos
여자,트와이스,TWICE,https://www.tiktok.com/@twice_tiktok_official
여자,퍼플키스,PURPLE KISS,https://www.tiktok.com/@rbw_purplekiss
여자,프로미스나인,fromis_9,https://www.tiktok.com/@official_fromis9
여자,프림로즈,PRIMROSE,https://www.tiktok.com/@primrose_0fficial
여자,피프티피프티,FIFTY FIFTY,https://www.tiktok.com/@we_fiftyfifty
여자,핑크버스,PINKVERSE,https://www.tiktok.com/@pinkverse_universe
여자,하이키,H1-KEY,https://www.tiktok.com/@h1key_choi
여자,하츠투하츠,Hearts2Hearts,https://www.tiktok.com/@hearts2hearts
여자,힛지스,HITGS,https://www.tiktok.com/@hitgs.offcl
남자,골든차일드,"Golden Child, GNCD",https://www.tiktok.com/@goldenchildofficial
남자,나우즈,NOWZ,https://www.tiktok.com/@cube_nowz
남자,나인아이,NINE.i,https://www.tiktok.com/@nine.i_official
남자,네이즈,NAZE,https://www.tiktok.com/@naze_official
남자,넥스지,NEXZ,https://www.tiktok.com/@nexz_official
남자,노매드,NOMAD,https://www.tiktok.com/@nomad_entofficial
남자,누에라,NouerA,https://www.tiktok.com/@nouera_official
남자,뉴비트,NEWBEAT,https://www.tiktok.com/@newbeat_official
남자,다이몬,DXMON,https://www.tiktok.com/@dxmon_official
남자,다크비,DKB,https://www.tiktok.com/@official.dkb
남자,더뉴식스,THE NEW SIX,https://www.tiktok.com/@officialtnx
남자,더보이즈,THE BOYZ,https://www.tiktok.com/@theboyz_officl
남자,더씬드롬,THE SSYNDROME,https://www.tiktok.com/@thessyndrome_official
남자,더윈드,The Wind,https://www.tiktok.com/@official_thewind
남자,더킹덤,The KingDom,https://www.tiktok.com/@thekingdom_gfent
남자,데이식스,DAY6,https://www.tiktok.com/@day6_official
남자,데이차일드,DayChild,https://www.tiktok.com/@daychild_official
남자,데일리디렉션,DAILY:DIRECTION,https://www.tiktok.com/@daily_direction
남자,드래곤포니,Dragon Pony,https://www.tiktok.com/@dragon_pony_
남자,드리핀,DRIPPIN,https://www.tiktok.com/@wearedrippin
남자,라이즈,RIIZE,https://www.tiktok.com/@riize_official
남자,롱샷,LNGSHOT,https://www.tiktok.com/@lngshot4sho
남자,루네이트,LUN8,https://www.tiktok.com/@lun8_official
남자,모디세이,MODYSSEY,https://www.tiktok.com/@modyssey.official
남자,몬스타엑스,MONSTA X,https://www.tiktok.com/@monsta_x_514
남자,미래소년,MIRAE,https://www.tiktok.com/@official_mirae
남자,방탄소년단,BTS,https://www.tiktok.com/@bts_official_bighit
남자,배너,VANNER,https://www.tiktok.com/@vanner_official
남자,보이넥스트도어,BOYNEXTDOOR,https://www.tiktok.com/@boynextdoor_official
남자,블리처스,BLITZERS,https://www.tiktok.com/@blitzers_official
남자,비디유,B.D.U,https://www.tiktok.com/@bdu4official_
남자,비보이즈,BE BOYS,https://www.tiktok.com/@beboys_official
남자,비에이이일칠삼,BAE173,https://www.tiktok.com/@official__bae173
남자,세븐어스,SEVENUS,https://www.tiktok.com/@sevenus_official
남자,세븐틴,SEVENTEEN,https://www.tiktok.com/@seventeen17_official
남자,소디엑,XODIAC,https://www.tiktok.com/@official.xodiac
남자,스트레이키즈,Stray Kids,https://www.tiktok.com/@jypestraykids
남자,싸이커스,xikers,https://www.tiktok.com/@xikers_official
남자,씨아이엑스,CIX,https://www.tiktok.com/@cix_official
남자,아스트로,ASTRO,https://www.tiktok.com/@astro_official
남자,아이덴티티,idntt,https://www.tiktok.com/@idntt_cosmo
남자,아이콘,Ikon,https://www.tiktok.com/@ikon_tiktok
남자,아크,ARrC,https://www.tiktok.com/@official.arrc
남자,아홉,AHOF,https://www.tiktok.com/@ahof_official
남자,알파드라이브원,ALPHA DRIVE ONE,https://www.tiktok.com/@ald1_official
남자,앰퍼샌드원,AMPERS&ONE,https://www.tiktok.com/@ampersandone
남자,어센트,ASC2NT,https://www.tiktok.com/@asc2nt_official
남자,에스에프나인,SF9,https://www.tiktok.com/@sf9official
남자,에이머스,AIMERS,https://www.tiktok.com/@aimers_amrs
남자,에이비식스,AB6IX,https://www.tiktok.com/@ab6ix.official
남자,에이엠피,AxMxP,https://www.tiktok.com/@axmxp_official
남자,에이티비오,ATBO,https://www.tiktok.com/@atboground
남자,에이티즈,ATEEZ,https://www.tiktok.com/@ateez_official_
남자,에이티투메이저,82MAJOR,https://www.tiktok.com/@82major_official
남자,에잇턴,8TURN,https://www.tiktok.com/@8turn_official
남자,엑스디너리 히어로즈,Xdinary Heroes,https://www.tiktok.com/@xheroes_official
남자,엑스러브,XLOV,https://www.tiktok.com/@xlov_official
남자,엔시티 드림,NCT DREAM,https://www.tiktok.com/@official_nct
남자,엔시티 일이칠,NCT 127,https://www.tiktok.com/@official_nct
남자,엔싸인,n.SSign,https://www.tiktok.com/@nch_nssign
남자,엔카이브,NCHIVE,https://www.tiktok.com/@nchive_official
남자,엔하이픈,ENHYPEN,https://www.tiktok.com/@enhypen
남자,엘라스트,E'LAST,https://www.tiktok.com/@elast.official
남자,엠빅,AM8IC,https://www.tiktok.com/@am8ic_tov
남자,엠씨엔디,MCND,https://www.tiktok.com/@mcndofficial_
남자,오메가엑스,OMEGA X,https://www.tiktok.com/@omega_x_official
남자,온앤오프,ONF,https://www.tiktok.com/@onf_offcl
남자,올데이프로젝트,ALLDAY PROJECT,https://www.tiktok.com/@allday_project
남자,올아워즈,ALL(H)OURS,https://www.tiktok.com/@all_h_ours
남자,워터파이어,WATERFIRE,https://www.tiktok.com/@waterfire_official
남자,원어스,ONEUS,https://www.tiktok.com/@bwave_oneus
남자,원팩트,ONE PACT,https://www.tiktok.com/@0nepact
남자,웨이커,WAKER,https://www.tiktok.com/@official_waker
남자,위아이,WEi,https://www.tiktok.com/@wei__official
남자,유나이트,YOUNITE,https://www.tiktok.com/@younite_officl
남자,유어즈,YUHZ,https://www.tiktok.com/@yuhz_official
남자,이븐,EVNNE,https://www.tiktok.com/@evnne_official
남자,이스트샤인,EASTSHINE,https://www.tiktok.com/@official_eastshine
남자,이오닛,AEONIT,https://www.tiktok.com/@aeonit_official
남자,이펙스,EPEX,https://www.tiktok.com/@epex.official
남자,제로베이스원,ZEROBASEONE,https://www.tiktok.com/@zb1_official
남자,코르티스,CORTIS,https://www.tiktok.com/@cortis_bighit
남자,크래비티,CRAVITY,https://www.tiktok.com/@cravityofficial
남자,클로즈 유어 아이즈,CLOSE YOUR EYES,https://www.tiktok.com/@closeyoureyes_official
남자,키빗업,KEYVITUP,https://www.tiktok.com/@keyvitup_inkode
남자,킥플립,KickFlip,https://www.tiktok.com/@kickflip_jype
남자,템페스트,TEMPEST,https://www.tiktok.com/@tpstofficial_
남자,투모로우바이투게더,TXT,https://www.tiktok.com/@txt.bighitent
남자,투어스,TWS,https://www.tiktok.com/@tws_pledis
남자,튜넥스,TUNEXX,https://www.tiktok.com/@tunexx_official
남자,트레저,TREASURE,https://www.tiktok.com/@yg_treasure_tiktok
남자,트렌드지,TRENDZ,https://www.tiktok.com/@trendz_offcl
남자,티아이오티,TIOT,https://www.tiktok.com/@tiot_now
남자,파우,POW,https://www.tiktok.com/@pow_grid
남자,판타지보이즈,FANTASY BOYS,https://www.tiktok.com/@official_fantasyboys
남자,펜타곤,PENTAGON,https://www.tiktok.com/@official_ptg
남자,플레이브,PLAVE,https://www.tiktok.com/@plave_official
남자,피원하모니,P1Harmony,https://www.tiktok.com/@p1harmony
남자,피커스,PICKUS,https://www.tiktok.com/@pickus_offcl
남자,하우,HAWW,https://www.tiktok.com/@haww_official_
남자,휘브,WHIB,https://www.tiktok.com/@whib_official
