collected_date,video_id,group,label_channel,label_name,title,published,duration,views,likes,comments,like_ratio,comment_ratio,source
2026-10-01,Mj5SvX9D9bc,BOYNEXTDOOR,UC3IZKseVpdzPSBaWxBxundA,HYBE LABELS,BOYNEXTDOOR 'ANIMAL' Official MV #BOYNEXTDOOR #보이넥스트도어 #BND #HOME_DELUXE #ANIMAL,2026-09-28,59,42697,4161,85,0.097454,0.001991,label_channel
2026-10-01,WI4__7z_dJw,BOYNEXTDOOR,UC3IZKseVpdzPSBaWxBxundA,HYBE LABELS,BOYNEXTDOOR (보이넥스트도어) 'ANIMAL' Official MV,2026-09-28,176,9796530,85941,8261,0.008773,0.000843,label_channel
2026-10-01,VHA0FMXsQgk,&TEAM,UC3IZKseVpdzPSBaWxBxundA,HYBE LABELS,&TEAM 'Good Boy' Official MV,2026-09-24,180,2773583,81440,3354,0.029363,0.001209,label_channel
2026-10-01,9M4W-t8_zK8,NiziU,UCaO6TYtlC8U5ttz62hTrZgg,JYP Entertainment,"NiziU(니쥬) ""Sour Grapes"" M/V",2026-09-28,189,6516679,47855,7159,0.007343,0.001099,label_channel
2026-10-01,f_aCSvutjwA,CRAVITY,UCYDmx2Sfpnaxg488yBpZIGg,STARSHIP,CRAVITY 크래비티 'LOUDER' MV,2026-09-30,186,442318,10570,1308,0.023897,0.002957,label_channel
2026-10-01,lQ-w9M447w0,ALLDAY PROJECT,UCg8ZzloDPTrOiGztK0C9txQ,THEBLACKLABEL,ALLDAY PROJECT - ‘CRASH’ M/V,2026-09-28,185,11445276,0,5258,0.0,0.000459,label_channel
2026-10-01,KQM9hYlMXsI,ALLDAY PROJECT,UCg8ZzloDPTrOiGztK0C9txQ,THEBLACKLABEL,ALLDAY PROJECT - ‘DO IT LIKE THIS’ M/V,2026-09-24,137,6887678,0,4489,0.0,0.000652,label_channel
2026-10-01,1Qx6ktR3CEk,ALLDAY PROJECT,UCg8ZzloDPTrOiGztK0C9txQ,THEBLACKLABEL,ALLDAY PROJECT - ‘TALK’ M/V,2026-09-21,184,12211225,0,8251,0.0,0.000676,label_channel
2026-10-01,Q53TqpuiCqU,ATEEZ,UCQdq-lqPEq_yZ_wP_kuVB9Q,KQ Entertainment,"ATEEZ(에이티즈) 홍중, Bazzi  - 'ENOuGH' Official MV",2026-09-18,163,3386682,104079,5391,0.030732,0.001592,label_channel
