date,video_id,group,title,published,views,likes,comments,is_mv,duration
2026-03-10,0LLFprdOHqo,BLACKPINK,BLACKPINK - 'GO' M/V Behind the Scenes,2026-03-09,846648,139591,7058,True,440
2026-03-10,BnjBhomdF2E,aespa,[ae:scenes] 잘하자! 파이팅!💪 | aespa 에스파 SMTOWN LIVE 2025-26 in FUKUOKA Behind #2,2026-03-09,57279,6272,302,False,775
2026-03-10,eT-NRpqc48w,aespa,[ae:scenes] 너 지금 어렵다고 했어? | aespa 에스파 SMTOWN LIVE 2025-26 in FUKUOKA Behind #1,2026-03-04,347072,19204,653,False,1843
2026-03-10,ci3j41t_R84,Red Velvet,날 보라고 날…!ㅣ슬기 SEULGI MUSINSA x PUMA Photoshoot Behind,2026-03-06,14543,2081,131,False,578
2026-03-10,NEOBZKTqqxE,Red Velvet,슬기야 수영아 궁둥이 흔들지 말랬지ㅣ레드벨벳 Red Velvet SMTOWN LIVE 2025-26 in FUKUOKA & BANGKOK Behind,2026-03-05,107455,6393,335,False,1552
2026-03-10,Ja8yzRwbPwA,ITZY,[2TZY: Hello 2026] EP.03 CHAERYEONG X YUNA,2026-03-05,33784,4646,205,False,857
2026-03-10,9gVZaJ56gRQ,ITZY,"ITZY ""Supernatural"" (CONCERT CAM VER.) @ 'TUNNEL VISION' in SEOUL",2026-03-03,55143,6685,241,False,190
2026-03-10,pDUTVJ_lzrM,ITZY,"ITZY ""Supernatural"" (FULL CAM VER.) @ 'TUNNEL VISION' in SEOUL",2026-03-03,87051,7773,308,False,190
2026-03-10,D_hzerLIJek,ITZY,[ITZY?ITZY!] EP 240 l Lia GQ Photo Shoot & Yuna Viewmap Titan Seongsu,2026-03-03,14553,2814,140,False,562
2026-03-10,sZ1Pt19ITQM,TWICE,TW-LOG @ 6TH WORLD TOUR ‘THIS IS FOR’ Teaser,2026-03-09,52080,9970,425,False,35
2026-03-10,lASlDmpdWGY,TWICE,SANA-log: 2026 Ralph Lauren Global Campaign in Marseille,2026-03-03,156318,14120,559,False,482
2026-03-10,kYXkstB_tUU,IVE,IVE 아이브 'THE NARCISSISTIC GURLS CAMPAIGN' Promotion film - Behind The Scenes,2026-03-07,45121,5217,344,False,959
2026-03-10,TbG4BVMDaPU,IVE,IVE 아이브 PHOTOSHOOT 'REVIVE+' - Behind The Scenes,2026-03-04,86487,6769,384,False,2124
2026-03-10,fLPKRUA9Kxo,LE SSERAFIM,꾸라랑 뜨개할 사람?🧶 | LE PLAY,2026-03-07,69087,7357,368,False,435
2026-03-10,lzgtO3_W-sQ,LE SSERAFIM,"피어나, 너 내 동료가 되어줘서 고고곡 고맙다! | LE PLAY",2026-03-05,101200,8487,343,False,1377
2026-03-10,l6K4bDEg4Tc,LE SSERAFIM,캠핑 먹방! 소고기+된장찌개+고구마+스모어+라면+베이컨팽이버….더보기 l FIM TRIP - EP.3,2026-03-04,418062,21536,851,False,1457
2026-03-10,BgaOjtPOhLk,LE SSERAFIM,LE SSERAFIM Stage Cam @ COUNTDOWN JAPAN 25/26,2026-03-03,413648,23642,685,False,469
2026-03-10,x-fqfvUL7XE,NMIXX,현재 릴설배는 차에 있다,2026-03-08,62817,6464,178,False,1080
2026-03-10,KlO9GqIRVbs,NMIXX,"뀨냥이의 스위트룸을 소개합니다 ₍^. .^₎⟆ ✩·｡˚ | ROOM TOUR, 방 꾸미기 브이로그 | MIXX Log",2026-03-06,439885,7427,372,False,1392
2026-03-10,HwpySSdqnVU,NMIXX,NMIXX(엔믹스) “TIC TIC (Feat. Pabllo Vittar)” Recording Behind | Recording MIXX,2026-03-05,355605,14033,532,False,1043
2026-03-10,dAyLlaTkbEM,NMIXX,함께 할 수 있어서 너무 영광이었습니다 ♪ *.˚(with 박재정 선배님) | 설윤 ‘지금 이대로만’ 프로모션 비하인드 | Day MIXX,2026-03-04,46062,4847,267,False,612
2026-03-10,O0eVYQQBxKw,WJSN,[Special Clip] WJSN(우주소녀) - Mirror,2026-03-04,29310,3327,218,False,191
2026-03-10,wCCAgg9IdrI,WJSN,[Making Film] WJSN(우주소녀) - 'Bloom hour' 녹음 비하인드🌷,2026-03-03,23746,2338,186,False,2195
2026-03-10,nJcrLZcCGlU,ILLIT,♨️뜨끈한 찜찔방 낋여왔습니다♨️ I #슈퍼아일릿 #EP23,2026-03-09,98144,9551,656,False,1557
2026-03-10,79fYbpoZviI,ILLIT,키링에 진심인 아일릿🎀 | 꼬질해질 때까지 함께한 애착 키링 대공개‼️ I ILLIT (아일릿) [lit-pouch],2026-03-07,143448,10900,581,False,911
2026-03-10,Ut6Rob0TOO0,ILLIT,아일릿의 트렌드 따라잡기 프로젝트🧐 l 유행을 찾아서 l ILLIT (아일릿),2026-03-04,159099,10958,485,False,499
2026-03-10,m0fYN9zaxjs,STAYC,시은이의 Vlog #16 | 이탈리아 여행가서 먹고 마시고🇮🇹 | Italy Vlog Part.2,2026-03-06,6478,891,44,False,1209
2026-03-10,PhkZS5guUPA,STAYC,시은이의 Vlog #15 | 이탈리아 여행가서 먹고 마시고🇮🇹 | Italy Vlog Part.1,2026-03-04,10290,1195,67,False,1170
2026-03-10,umDqSqsdN2o,MEOVV,INSIDE MEOVV | GAWON VOGUE KOREA (MARCH 2026) BEHIND,2026-03-03,16692,2092,144,False,537
2026-03-10,DH_JtGsg-w8,KISS OF LIFE,[KIOF LOG] EP.18 Finally JULIE in Hawaii🏝️ | 한번도 못 본 하와이 바다( ᵕ - ᵕ ) | JUL-LOG,2026-03-08,18946,1986,142,False,1120
2026-03-10,vTkvN0dSbsE,KISS OF LIFE,새학기 기념 KIOF 퀴즈📚 | 나몰라 골든벨🔔 | KIOFriday,2026-03-06,30181,1817,104,False,1381
2026-03-10,9QJ_Mqgn9us,KISS OF LIFE,좋아한단 말이야🐎 | 사심행 : Station HANEUL🚉,2026-03-03,13748,1544,105,False,970
2026-03-10,yPo4gWoyj2w,tripleS,SecretBase 260219 Lynn.SSS [ EN JP CN ],2026-03-08,5558,895,62,False,370
2026-03-10,plN5FUeMJvc,tripleS,키라키라 아이돌이 되는 법 💖With ULTIST | EN JP CN | SIGNAL 260307,2026-03-07,12481,1223,81,False,982
2026-03-10,vxQ1hq_BMF0,tripleS,눕눕즈 힐링하고 왔눕눕 🍵🤍 | EN JP CN | SIGNAL 260306,2026-03-06,16375,1586,98,False,834
2026-03-10,a2B6s_3xe1U,tripleS,우당탕탕 신입 알바 07즈 출근 완료🍿✨ | EN JP CN | SIGNAL 260304,2026-03-04,17552,1590,104,False,485
2026-03-10,i4d4Nu5JrbY,OH MY GIRL,유빈 ‘배성재의 텐’ 스페셜 DJ Behind | OH MY GIRL SKETCHBOOK,2026-03-06,4572,0,85,False,557
2026-03-10,cZAfSJGkp58,H1-KEY,H1-KEY(하이키) 나의 첫사랑에게 (To. My First Love) M/V Reaction,2026-03-09,2715,471,54,True,756
2026-03-10,aMMSVxLv-Tk,H1-KEY,[EN/JP/CN] H1-KEY(하이키) 나의 첫사랑에게 (To. My First Love) 응원법,2026-03-05,5638,635,62,False,252
2026-03-10,sBx08M4cDME,H1-KEY,H1-KEY(하이키) 나의 첫사랑에게 (To. My First Love) Official M/V,2026-03-05,3377252,15872,1222,True,260
2026-03-10,6lMaJMQXH0Q,H1-KEY,H1-KEY(하이키) 5th Mini Album 【LOVECHAPTER】 Comeback Countdown Live,2026-03-04,8798,879,22,False,3889
2026-03-10,9OZ46utoa6k,VIVIZ,"⋆˚。⋆멜버른 공원🌳에서 호주 새🐦‍⬛랑 술래잡기, 어그 쇼핑🛍️하고 마라탕 먹기⋆˚。⋆ 시드니 포토 스팟📸💥까지 | VIVIZ in MELBOURNE EP.2",2026-03-06,13489,1627,102,False,1245
2026-03-10,ZjmarC25R6U,izna,[Radio📻] 𝗶𝘇𝘇𝗮𝗻𝗮 (있잖아..) 𝗘𝗣.𝟭 | 마이가 음식 조절을 잘 하는 이유🥄 | DJ 마이 with 방지민&코코,2026-03-09,13914,1640,58,False,1943
2026-03-10,lIDEifQOQ2M,izna,"[Behind the Scenes] 우리 4관왕이래요🥹 izna가 살아갈 힘은 무대, 그리고 naya🏆🖤🤍 | 2026 D-Awards",2026-03-07,18629,2104,127,False,687
2026-03-10,7JgG2M_ad_U,izna,[플레이즈나] 이즈나랑 놀 naya 어딨지?!👐 행복 지수 1000%로 만들어줄 '플레이즈나' is coming🎉 | TEASER,2026-03-06,15311,1915,94,False,49
2026-03-10,ZAU9DoHIpAI,izna,[이즈나의 밤] 우리는 공부하러 가는 거야?🧐 아니 사실 우리 다같이 (🔒미션하고) 여기서 노는 거야🥳🧳🤸‍♀️ | MT편 #1,2026-03-05,44193,3810,261,False,1279
2026-03-10,c7PbR-_nZKs,izna,[izlog] 코짱과 함께 오사카 맛집 정복하기🍣🍡🍗🍤 (특별출연 삐야🐰) | 코코 브이로그🍽,2026-03-04,30902,2591,171,False,475
2026-03-10,PWCgKrEAEb8,Billlie,[BecOrd] EP.101 | 'Korea Spotlight 2025 @ Spain' Behind,2026-03-06,3404,484,33,False,529
2026-03-10,OdTV2IowG_E,QWER,"일본에서 발견된 김계란, 무슨 일이 있었던 걸까.. l 최애의 아이들 시즌3 EP2",2026-03-08,107983,3923,354,False,993
2026-03-10,oiYv--IuDKs,YOUNG POSSE,Itaewon Hustler 😴🛏️❌🌃🪩,2026-03-09,2269,530,42,False,71
2026-03-10,IFlp_42IGOs,YOUNG POSSE,잠이 안와요... - YEONJUNG,2026-03-07,3575,628,55,False,66
2026-03-10,SxMxiKAdQts,YOUNG POSSE,테리들 머해 ヾ(⌒(_*’ω’*)_ | YOUNG POSSE LIVE,2026-03-06,3831,429,22,False,2488
2026-03-10,_SFAKzuFEYA,UNIS,방토요리사: 두쫀쿠 계급 전쟁👨‍🍳 | Dubai Chewy Cookie Class Wars | 코강록 VS 안녕 방주르💥 어쩌면 세기의 대결? 🍽️,2026-03-05,19170,2911,295,False,2120
2026-03-10,01BFjTsRHBk,RESCENE,메라디오👓⭐️,2026-03-04,11290,948,17,False,4156
2026-03-10,RiBPfWXPS9Y,RESCENE,[Re-log] 까엉티비 🐹 | RESCENE (리센느) vlog,2026-03-04,7948,840,105,False,1041
2026-03-10,6wFrrx74bgg,SMN,속고 속이는 파자마 파티🌙 | SAY MY NAME (세이마이네임) 팬 콘서트 ‘ATTI GIRL’ VCR 비하인드 | Ah-SMN,2026-03-07,9440,0,65,False,469
2026-03-10,0mJnkozk0Yc,SMN,Cheer up 세마넴! | SAY MY NAME (세이마이네임) 팬 콘서트 ‘ATTI GIRL’ 안무 연습 비하인드 | Ah-SMN,2026-03-05,23442,0,140,False,730
2026-03-10,e966I39Vgp0,ARTBEAT v,[여기서요?] 아이브 IVE - BANG BANG | 커버댄스 Dance Cover @홍대,2026-03-09,58871,4554,198,False,308
2026-03-10,4tNLMAsgn6g,ARTBEAT v,[방구석 여기서요?] 키키KiiiKiii - 404 (New Era) | 커버댄스 Dance Cover,2026-03-08,93343,5275,202,False,239
2026-03-10,3yaOdbvXzbU,ARTBEAT v,'남자 vs 여자 2차전' 더 독해져서 돌아온 남녀 댄스 배틀!! | K-POP DANCE BATTLE | 방구석 여기서요,2026-03-07,345171,18318,1936,False,3126
2026-03-10,5-TZsqV7dfo,ARTBEAT v,“안무 틀리면 탈퇴!?” 촬영 중 탈퇴빵 내기를 한다고요? | 전지적 막내 PD 시점 Ep.02,2026-03-06,33995,1637,90,False,2446
2026-03-10,KdJytXWH9tY,ARTBEAT v,[방구석 여기서요?] 엔하이픈 ENHYPEN - Knife | 커버댄스 Dance Cover,2026-03-05,63176,4319,92,False,211
2026-03-10,HNgdMavglnc,ARTBEAT v,"[🛜AB:CONNECT] 결경, 예진, 하즈키 연결중 | Gyeolgyeong, Yejin, Hazuki",2026-03-04,11794,523,34,False,7242
2026-03-10,-cKh0X5rr8Q,ARTBEAT v,(teaser) '남자 vs 여자' 자존심을 건 두번째 댄스 배틀!!,2026-03-04,127259,6363,486,False,89
2026-03-10,G84wG8EgJao,ARTBEAT v,[방구석 여기서요?] 아이브 IVE - BANG BANG | 커버댄스 Dance Cover,2026-03-03,315404,13966,764,False,231
2026-03-10,Sxd3rDteFK0,FIFTY FIFTY,꽁꽁 얼어붙은 스키장 위로 #나나즈 가 걸어 다닙니다❄️I 5♥️+5♥️=1♥️♥️,2026-03-07,15266,2296,158,False,549
2026-03-10,qGaP6xA0S24,MADEIN,"MADEIN - ""PUNG!"" PERFORMANCE MV",2026-03-09,61650,1368,92,True,161
2026-03-10,FoWHAVt7Ytw,MADEIN,"MADEIN - ""PUNG!"" DANCE PRACTICE",2026-03-06,10584,1036,56,False,161
2026-03-10,9sIqCLT_ZWI,MADEIN,"MADEIN - ""PUNG!"" MV Behind The Scenes",2026-03-05,5422,633,46,True,932
2026-03-10,aer_X9NmhTc,MADEIN,"MADEIN - ""PUNG!"" MV",2026-03-04,3822099,11302,631,True,163
2026-03-10,Bu-ImnT31ls,MADEIN,"MADEIN - ""PUNG!"" 응원법! (Cheering Guide)",2026-03-03,5336,625,45,False,180
2026-03-10,uKYSSfSddzs,ARTMS,OURII들 덕분에 두 번째로 산 ‘탕’🏆✨🪽 | EN JP CN | ARTMS,2026-03-06,7512,956,47,False,907
2026-03-10,-1tsDc4Pm5Y,ARTMS,아르르의 도란도란 빵 데이트 🥐🍰 [ EN JP CN ],2026-03-05,5982,801,65,False,694
2026-03-10,gYBCZExUPz8,Geenius,오늘은 대장토끼 생일이숑🐰,2026-03-07,840,165,18,False,2746
2026-03-10,DSaM-oMudv4,Geenius,오늘은 대장토끼 생일이숑🐰 2,2026-03-07,433,122,11,False,470
2026-03-10,zQ-XkGm0zvI,Hearts2Hearts,약간 무서운 인형 느낌쓰 내가 널 잡아먹었다악!!! (^❯⩊❮^)⟆.✦ ݁˖ | Hearts2Hearts 하츠투하츠 ’RUDE!’ MV BH2ND #1,2026-03-06,229157,17361,838,True,1430
2026-03-10,0oRul0_3mdo,Hearts2Hearts,Hearts2Hearts 하츠투하츠 ‘RUDE!’ Recording BH2ND,2026-03-04,522902,45252,2756,False,1639
2026-03-10,try4JkmbArc,KiiiKiii,[KiiiPoiiint] 티키들 위해서 열심히 준비 했어요🙂‍↕️ | KiiiKiii 키키 '404 (New Era)’ Dance Practice Behind,2026-03-09,20828,1703,120,False,1107
2026-03-10,8vICvkDliYw,KiiiKiii,KiiiKiii 키키 'Delulu' Dance Practice,2026-03-08,92096,9236,512,False,152
2026-03-10,PZg9dXu--zU,KiiiKiii,KiiiKiii 키키 'Delulu' MV Behind The Scenes,2026-03-07,20594,2579,216,True,936
2026-03-10,FzMyoDLc3cQ,KiiiKiii,KiiiKiii 키키 'Delulu' 응원법,2026-03-04,18771,2187,253,False,188
2026-03-10,5mhVMpRpVFg,KiiiKiii,3분 안에 𝒟ℯ𝓁𝓊𝓁𝓊가 되는 음악 | 진짜 델룰루를 경험하고 싶은 분만 | Delulu is the solulu,2026-03-03,27575,3602,229,False,145
2026-03-10,moPwoHBBBu0,IRISÉ,하이 빵가루 선배님들 !!!! | 고세구 x 키리 Collab Live 🩵,2026-03-07,7218,975,85,False,523
2026-03-10,UFbFOSLfWoQ,IRISÉ,[IRISÉ LIVE] 키리와 티즈의 MINI GAME START! 🎮❤️,2026-03-06,6741,702,32,False,5318
2026-03-10,5Ml36DgCDCU,AtHeart,AtHeart 앳하트 ‘Butterfly Doors’ MV Teaser 1,2026-03-09,86680,975,118,True,17
2026-03-10,oh7Vo8vtvMY,AtHeart,"[📹Hearting] 비하인드, 솔직히 기다렸지? 😘 | ‘Shut Up’ MV Behind",2026-03-07,23785,565,36,True,968
2026-03-10,wl9Ql9gHJc4,AtHeart,백색소음을 곁들인 침묵의 007빵 | Shut Up 🤫 Silent 007 Bang,2026-03-03,27556,736,59,False,216
2026-03-10,bZbH13LKsSI,KIIRAS,오늘부터 복서(?) 병아리 둘의 첫 수업🐥 | KIIRAS Exercise Series,2026-03-06,3476,703,68,False,795
2026-03-10,ky25jg2lKLc,Baby DONT Cry,Baby DONT Cry - 'Shapeshifter' MV Teaser 1,2026-03-09,10630,2145,149,True,20
2026-03-10,N-2rfRThd84,Baby DONT Cry,Baby DONT Cry [AFTER CRY] Album Trailer #1 : What Do You See In Me?,2026-03-04,348019,3061,164,False,48
2026-03-10,g7OV8oA6OF0,Baby DONT Cry,Opening Trailer : The Story Begins Here,2026-03-03,292773,2860,236,False,56
2026-03-10,oz2vHZp2z5I,ALLDAY PROJECT,OFF DAY ‘WOOCHAN’ | ALLDAY PROJECT,2026-03-06,131599,3953,256,False,681
2026-03-10,l2Iku1T-Ju0,SEVENTEEN,[INSIDE SEVENTEEN] SEVENTEEN WORLD TOUR [NEW_] BEHIND #2,2026-03-05,125401,10628,243,False,1024
2026-03-10,wViGaypln0Y,SEVENTEEN,"[하니왔쫑] I-GOYA in U.K | 영국에서 산책, 또 산책 (with.원우)🚶 | 길거리에서 느껴보는 감성✨",2026-03-04,245339,25423,845,False,645
2026-03-10,bSZL3ZZC8EE,Stray Kids,"I.N ""행복 뭐 별거 없네요(The Little Things)"" | [Stray Kids : SKZ-RECORD]",2026-03-07,648567,164988,10935,False,174
2026-03-10,o66KJX1YJ3s,Stray Kids,"Stray Kids ""DO IT"" Recording Scene | Do It, 신선놀음 (DIVINE)",2026-03-05,1071114,152146,5112,False,1378
2026-03-10,ZV5IjNgpBFQ,Stray Kids,[Stray Kids : SKZ-TALKER] Ep.80,2026-03-04,627202,95342,3029,False,708
2026-03-10,sKi1gEtnSAQ,Stray Kids,Stray Kids 📷 WITH STAY 🏠 BEHIND,2026-03-04,332184,73448,3258,False,442
2026-03-10,ssKEuqRR5yA,NCT DREAM,시즈니💚 한번 놀아봅시다아🙌 | SMTOWN LIVE 2025 26 in FUKUOKA Behind,2026-03-03,179041,16120,435,False,1203
2026-03-10,pjObE6c9E8Q,TXT,OSAKA에서 있었던 일들 | T:TIME | TXT (투모로우바이투게더)️,2026-03-06,130680,15640,479,False,962
2026-03-10,hFGcRKU8taU,TXT,TOMORROW X TOGETHER ＜ACT : TOMORROW＞ The Magic World Vol.2,2026-03-06,47373,8849,277,False,89
2026-03-10,rew9G9qrzNY,TXT,[2026 DREAM WEEK] 1년 차 vs 8년 차ㅣ별의 목소리,2026-03-03,272014,30812,2828,False,2504
2026-03-10,kST31YDXQOA,TXT,모아콘에서 모아 만나기 1초 전 (정신없음 주의) | TXT (투모로우바이투게더),2026-03-03,95523,14266,594,False,179
2026-03-10,1I4Z-2ogu_k,ENHYPEN,[EPISODE] 'VAMPIRE IS COMING' 비하인드 - ENHYPEN (엔하이픈),2026-03-08,126910,21259,1190,False,511
2026-03-10,sAkECXRGDIg,ENHYPEN,[EPISODE] 헌혈 캠페인 비하인드 - ENHYPEN (엔하이픈),2026-03-07,129233,23010,1236,False,290
2026-03-10,Ltd364p7TIQ,ENHYPEN,[Vlog] 성훈의 Milano Cortina 2026 브이로그  - ENHYPEN (엔하이픈),2026-03-06,165013,30532,1403,False,961
2026-03-10,p-mO6J3Wrh4,ENHYPEN,커피 𝓿𝓪𝓶𝓹𝓲𝓻𝓮 프린스 | 카페 갔을 때 상황 밸런스 게임 (ENGENE ver.) | ENHYPEN (엔하이픈) 'EN-O'CLOCK' EP128,2026-03-05,624480,69025,3026,False,2043
2026-03-10,ZpWPUxt6kRY,ENHYPEN,"F1 제대로 파본다 🏁 | 제이와 윤재수 해설위원, 입문부터 2026 시즌 전망까지 - ENHYPEN (엔하이픈)",2026-03-05,124887,22467,1496,False,1915
2026-03-10,Mn2HzxYCMeU,ENHYPEN,ENHYPEN [WALK THE LINE SUMMER EDITION] IN CINEMAS 'Movie Clip: Shine On Me',2026-03-04,362325,57038,2776,False,211
2026-03-10,_0oaMedm_mg,ZEROBASEONE,"[ZE_pisode] ZEROBASEONE (제로베이스원) 석매튜, 김태래, 박건욱 '방과후 태리쌤' OST '오늘은 그냥 GO!' Recording Behind",2026-03-09,8835,1855,147,False,673
2026-03-10,JJC7NoZb17w,ZEROBASEONE,[ZB1_more] 매튜의 저주받은 인형 공장 탈출기 | Poppy Playtime Chapter 3 Part.1 🎬. more,2026-03-08,57710,8803,901,False,2438
2026-03-10,B0ZfOXTz0is,ZEROBASEONE,[ZE_pisode] ZEROBASEONE (제로베이스원) GUN WOOK colorgram Shooting Behind,2026-03-06,13612,2601,185,False,519
2026-03-10,8P94rckrF9s,ZEROBASEONE,[ZE_pisode] ZEROBASEONE (제로베이스원) HAN BIN VOGUE Magazine Shooting Behind,2026-03-04,19978,3419,296,False,731
2026-03-10,zIhTgD2kw9M,NCT 127,SMTOWN! Scream💥-`💚´- | SMTOWN LIVE 2025-26 in FUKUOKA Behind,2026-03-03,218569,15569,588,False,2885
2026-03-10,NJGnK5DC2-c,PLAVE,260312 PLAVE(플레이브)  3RD ANNIVERSARY Live Broadcast 📡,2026-03-06,0,1156,0,False,0
2026-03-10,hxPtDXulvpM,PLAVE,귀여운 🐶댕댕즈는 잊어라! 새롭게 태어난 👓뚜두뚜두📚 뇌섹 대결 💙❤️｜#플레이브 PLAVE｜Yejun & Eunho Live Full Ver.,2026-03-05,103396,8888,222,False,7891
2026-03-10,8c3F3QdnOWk,PLAVE,"새 학년, 새 마음으로 듣는 우주적 플레이리스트 🎧🌌｜PLAVE & MMMM",2026-03-04,79447,15009,642,False,1761
2026-03-10,0my_wi1JQvU,TREASURE,[BEHIND THE SCENES] 2025-26 TREASURE TOUR [PULSE ON] IN OSAKA | 🎤 무대 뒤부터 이미 시작된 PULSE ON 🔥,2026-03-08,101975,14205,922,False,933
2026-03-10,zshzUlTWia4,RIIZE,'RIIZING LOUD' in MACAU | RISE & REALIZE EP.92,2026-03-05,88295,6665,716,False,1913
2026-03-10,DW9104_7hyI,RIIZE,‘All of You' Dance Practice | RISE & REALIZE EP.91,2026-03-04,92478,6241,336,False,1568
2026-03-10,apsdw7HKUhA,RIIZE,안녕 난 라이즈 원빈. 오늘은 내 생일이지.,2026-03-03,125946,10947,669,False,382
2026-03-10,sEwhaz5m6oQ,BOYNEXTDOOR,[𝐏𝐥𝐚𝐲𝐥𝐢𝐬𝐭] 모두의 걱정을 멋지게 부숴줘✨ | 듣기만 해도 자신감 FULL 충전 | 시작하는 사람들을 위한 플레이리스트,2026-03-08,122072,16495,1340,False,2898
2026-03-10,_aaO5JyNtdg,BOYNEXTDOOR,초속 5센티미터의 속도로 쌓아온 시간들🌸 | 첫 리메이크 음원 녹음 • 기타 연습ㅣCAMCORDOOR,2026-03-06,69399,9960,642,False,794
2026-03-10,2N-5TlGKLHQ,BOYNEXTDOOR,WHAT? DOOR! | 내 마음을 받아죠 | EP.46 - BOYNEXTDOOR (보이넥스트도어),2026-03-03,332175,24434,1407,False,1673
2026-03-10,oMBwxwys6U4,TWS,[TWS:ERIES] TWS (투어스) '다시 만난 오늘' 챌린지 비하인드,2026-03-06,70007,6596,382,False,650
2026-03-10,FefhDwtVScU,TWS,TWS (투어스) 'Countdown' @ COUNTDOWN JAPAN 25/26,2026-03-05,92528,7134,205,False,154
2026-03-10,7UpgZPm0K9s,TWS,다 이루어질지훈,2026-03-04,72388,8013,397,False,267
2026-03-10,bZ_w4FEZT5M,TWS,TWS (투어스) VR CONCERT : RUSH ROADㅣPremiere Video,2026-03-04,21112,3063,101,False,31
2026-03-10,Ap7pjZMzV7k,TWS,[TWS:CLUB] 눈썰매에 건 자존심 대결❄️ | 스키 다이스키 | EP.50,2026-03-03,189651,13572,854,False,1635
2026-03-10,4vPBL5poCBk,Ikon,JAY 김진환  - 207 FINAL TOUR IN SEOUL Behind The Scenes,2026-03-06,12241,1591,178,False,945
2026-03-10,NhHvUxL--_8,MONSTA X,[몬채널][B] EP.490 SHOWNU X HYUNGWON WATERBOMB HO CHI MINH CITY 2025,2026-03-06,15083,1824,132,False,554
2026-03-10,nDmhfoAdNkU,MONSTA X,[몬채널][B] EP.489 MONSTA X The 40th Golden Disc Awards,2026-03-03,24055,2708,206,False,1385
2026-03-10,SHqot3nOYi0,ASTRO,HAPPY MJ DAY🎁 | '바이 바이 (BIG Naughty (서동현) (Feat. 이무진))' Cover by MJ (Feat. YOON SAN-HA) | Gift Clip,2026-03-05,18824,4929,560,False,269
2026-03-10,SJbUq4RHXfM,ASTRO,HAPPY MJ DAY🎂 | '바이 바이 (BIG Naughty (서동현) (Feat. 이무진))' Cover by MJ (Feat. YOON SAN-HA),2026-03-05,48751,10142,1724,False,269
2026-03-10,YTKu63w0HxI,P1Harmony,P1Harmony (피원하모니) - ‘UNIQUE’ MV TEASER,2026-03-09,34608,12381,947,True,25
2026-03-10,gb_VGhW1SeE,P1Harmony,P1Harmony (피원하모니) JONGSEOB (종섭) - 'STUPID LOVE' Lyric Video,2026-03-09,18848,6228,445,False,155
2026-03-10,-RzoKaFfxdE,P1Harmony,P1Harmony (피원하모니) - [UNIQUE] CONCEPT PHOTO MAKING FILM,2026-03-08,18863,3718,231,False,1640
2026-03-10,OAS5kjQIupM,P1Harmony,[#HARMONY_CLIP] P1Harmony (피원하모니) JIUNG (지웅) - ‘水平線(수평선)’ back number Cover,2026-03-06,5952,1468,88,False,315
2026-03-10,NuJSvrgc3U0,P1Harmony,P1Harmony (피원하모니) JIUNG (지웅) - ‘水平線(수평선)’ back number Cover,2026-03-05,233444,7982,534,False,280
2026-03-10,W6enlG5G2-A,P1Harmony,2026 P1Harmony LIVE TOUR [P1ustage H : MOST WANTED] Plus Behind EP.11,2026-03-03,15165,2133,102,False,1815
2026-03-10,F9Kd7s6nojs,SF9,첫 페스티벌에 무대 찢어 놓은 신인 가수 실존✨ | 인성 2026 FIRST MUSIC STATION BEHIND,2026-03-06,2867,574,52,False,552
2026-03-10,5Czwfg69r0s,SF9,다원 is back! 보고싶었어 판타지‎🥹 | 2026 SF9 DAWON FANMEETING '다원해' BEHIND,2026-03-05,4367,714,70,False,770
2026-03-10,FdlCWsu-IpY,SF9,굿나잇🌠,2026-03-04,7850,661,37,False,2919
2026-03-10,yDx0gH4OKI8,TEMPEST,2025-26 TEMPEST ASIA TOUR [As I am] in Macau & Taipei Behind The Scenes,2026-03-05,2959,519,40,False,1524
2026-03-10,hhcgEA1qwMI,AB6IX,AB6IX (에이비식스) 3RD ALBUM 'SEVEN : CRIMSON HORIZON' MOOD FILM,2026-03-09,909,316,19,False,23
2026-03-10,Yn7Ot7y-w68,AB6IX,[속보] 경☆축☆ ABS 엡식마당 3월 14일 개편💥 본.방.사.수🎤,2026-03-07,1511,329,22,False,31
2026-03-10,bwqoiqBE1g0,OMEGA X,"OX:N (오엑스엔) | ‘SWIRKY', 'LOVE+' Dance Practice Behind",2026-03-06,2047,491,45,False,809
2026-03-10,ue8xg0gqVY8,ATEEZ,ATEEZ(에이티즈) - 'On The Road' Live Clip (@Spotify Live Version),2026-03-08,119103,24295,1104,False,252
2026-03-10,hSC6UD9Zusg,ATEEZ,ATEEZ(에이티즈) log_logbook#207,2026-03-06,34937,6131,278,False,522
2026-03-10,WxyhHGOYWcs,ATEEZ,ATEEZ(에이티즈) log_logbook#206,2026-03-03,71764,9644,369,False,1229
2026-03-10,LIIg5mf0itQ,EPEX,Cover by EPEX 아민 l Yonezu Kenshi - LADY,2026-03-06,2074,311,27,False,216
2026-03-10,YrhYFiKrpC4,CRAVITY,CRAVITY PARK (크래비티 파크) EP.117 아바타 소개팅🔥 [뜨거운 비티들 특집] l 비티파크 2026,2026-03-09,15659,2060,310,False,2101
2026-03-10,lNcZsZ0Ras0,CRAVITY,𝗜𝘁'𝘀 𝟵 𝗼'𝗰𝗹𝗼𝗰𝗸 @ 2026 CRAVITY FAN-CON 'VITY FESTA'  l CRAVITY (크래비티),2026-03-07,5382,978,58,False,171
2026-03-10,6ahF30wFYVM,CRAVITY,"[C-Plus+] WOOBIN 우빈 '어제의 너, 오늘의 나' Cover l CRAVITY (크래비티)",2026-03-05,6806,1177,121,False,224
2026-03-10,fpqANnVaORM,KickFlip,“Twenty” Cheering Guide,2026-03-09,12411,3192,238,False,239
2026-03-10,t8GpsNkSEZU,KickFlip,KickFlip B-roll “스텔라 떡볶이 AD” Behind,2026-03-08,13144,2191,150,False,741
2026-03-10,LdU_6P5Vdsk,KickFlip,계훈아 (데뷔해서) 계훈하니?  | JYP 입사 10주년 기념 | KickFlip(킥플립),2026-03-07,72190,6905,615,False,2422
2026-03-10,lEZGR4-SnzA,KickFlip,[Kick-Log] 칠리크랩은 그랩감(?)이 좋거든요🦀 싱가포르 먹방&산책🦁 | 싱가포르 Vlog - KickFlip(킥플립),2026-03-06,21475,2600,172,False,1046
2026-03-10,ptYINC9PKtI,KickFlip,‘Painkiller - Ruel’ Cover by KYEHOON of KickFlip | Monthly KickFlip,2026-03-04,30509,4884,598,False,899
2026-03-10,8IoFfZC9liU,DRIPPIN,[D:LOG] 아직 우리는 보내줄 준비가 안됐다 | 쫀쿠 삼형제=두쫀쿠 아쫀쿠 마쫀쿠 | 예쁘니즈🐹🐶,2026-03-09,712,160,22,False,441
2026-03-10,9G_BLXxu_d8,DRIPPIN,DRIPPIN '고백' 🌹 Cover | 차준호,2026-03-07,2331,386,51,False,182
2026-03-10,S30Zg85n1AA,NEXZ,[NEX2U(넥투유)] EP.07 HARU x SEITA,2026-03-09,14345,2881,232,False,904
2026-03-10,xCaIdggn3SY,NEXZ,[NEXZ(넥스지) VLOG] HARU VLOG | 하루의 하루 종일🐻‍❄💫 #3 | 아라시야마 산책하고 글램핑 가고 행복만 꾹꾹 눌러 담은 하루의 휴가₊⋆ ☾ ⋆⁺,2026-03-07,27249,3489,296,False,1716
2026-03-10,40_Xd02NA1Q,NEXZ,내가 왔다 🐻‍❄️,2026-03-06,39170,4503,267,False,4226
2026-03-10,FFb6PQydKNc,NEXZ,[JP BEHIND] #24 NEXZ×CanCam Shooting,2026-03-05,20945,3014,165,False,631
2026-03-10,-FpnpHwBW64,NEXZ,[REAL NEXZ(리얼 넥스지)] EP.56 눈 위의 복불복 #2,2026-03-04,41221,4656,383,False,1996
2026-03-10,QV2xx4-hkuA,8TURN,8TURN (에잇턴) ‘BRUISE(불씨)’ Choreography Video (Character ver.),2026-03-09,2646,546,81,False,236
2026-03-10,-bKBOQjyADc,8TURN,‘CAN'T STOP THE FEELING!’ BY HAE MIN & KYUNG MIN (2026 8TURN FANCON [TURN TABLE : ETERNAL FLAME]),2026-03-07,1411,323,17,False,247
2026-03-10,q_g7RnyWJpo,8TURN,‘Watch’ BY YUN GYU & SEUNG HEON (2026 8TURN FANCON [TURN TABLE : ETERNAL FLAME]),2026-03-06,1827,391,30,False,270
2026-03-10,fjWszKHANU8,8TURN,2026 8TURN CONCERT [ETERNAL FLAME] IN MACAO - SPOT VIDEO,2026-03-05,846,233,11,False,41
2026-03-10,jtvjZjzJ2gM,CIX,Happy BX Day🎂,2026-03-05,2581,314,23,False,2824
2026-03-10,wDN69RO3psA,EVNNE,EVNNE (이븐) 3rd Global Official Fanclub 'ENNVE' 모집 인사 영상,2026-03-09,1970,380,27,False,51
2026-03-10,4zDk31WaV-Y,NOWZ,NOWZ (나우즈) 'AMMO (feat. YRD Leo)' Choreography Practice Behind | SUB,2026-03-06,103533,313,16,False,829
2026-03-10,v7sZ2YycumM,NOWZ,NOWZ (나우즈) 'AMMO (feat. YRD Leo)' 응원법,2026-03-04,9142,276,14,False,273
2026-03-10,4W7qezZKB6g,NOWZ,NOWZ (나우즈) 'AMMO (feat. YRD Leo)' Performance Video,2026-03-03,813136,5634,243,False,210
2026-03-10,cM4sKXdpnQM,NOWZ,"막내즈가 같이 브이로그를 찍었다고? 기대 많이 된다😎 (일본 컵라면, 신칸센, 돈키호테 하울) [DAY LOG] EP.22ㅣNOWZ (나우즈)ㅣSUB",2026-03-03,9234,427,60,False,667
2026-03-10,8L0owki3rS0,AMPERS&ONE,2026 F/W SEOUL FASHION WEEK Behind l 앰퍼샌드원 (AMPERS&ONE),2026-03-08,2183,384,25,False,1232
2026-03-10,mAF3Dnc42Ks,AMPERS&ONE,와그작💥 캠든이의 젤리얼먹 ASMR🍬,2026-03-05,9207,692,56,False,812
2026-03-10,SvQ6Q8CNMPk,YOUNITE,Happy STEVE Day 🐰💚,2026-03-09,1070,0,25,False,2380
2026-03-10,fa_Wfj796g8,YOUNITE,"YOUNITE DEY (데이), 경문 (KYUNGMUN) ‘ALRIGHT (PROD. BRADLEYMOON)’",2026-03-07,955,0,19,False,132
2026-03-10,e3mbcOx9RGI,YOUNITE,YOUNIZ와 함께라 초콜릿보다 달달했던 하루🍫 | [LOVE TYPE : YOUNITE to YOUNIZ] BEHIND,2026-03-06,1101,0,16,False,907
2026-03-10,eCn_S2kHka8,82MAJOR,MAJOR LEAGUE | ep.3,2026-03-05,8376,800,72,False,1301
2026-03-10,BpU44Kd5pXE,82MAJOR,Korean & Brazilian SNACK MUKBANG with MELODY | 82MAJOR(82메이저),2026-03-03,90949,8354,391,False,1332
2026-03-10,ubjB1haQPGw,WHIB,[ENG/JPN/CN] WHIB(휘브) 1st FANCON [AnD : New Chapter] in Tokyo BEHIND,2026-03-04,4205,415,47,False,1022
2026-03-10,RTQ84-qRReM,ONF,온앤오프(ONF) OFFICIAL LOGO MOTION,2026-03-05,6286,0,167,False,16
2026-03-10,wYDje1rv-oo,ONF,온앤오프 (ONF)_사랑하게 될 거야 (We Must Love)(MV),2026-03-04,32432,0,519,True,194
2026-03-10,G8aDklH_wXI,MCND,"[Let’s Play MCND] M-HIND | 6️⃣주년 기념 셀프 사진 촬영 비하인드📸 | 지구 정복 D+2190, 그들은 Music Creates New Dream 하였는가?",2026-03-04,1036,223,21,False,523
2026-03-10,APmrnkK6sVk,xikers,박세은 등장,2026-03-04,6675,583,15,False,4916
2026-03-10,aDGtq0vaYWA,xikers,흥국생명배구단 시구🏐 BEHIND | xikers(싸이커스) 인싸이커스 #127,2026-03-03,18208,516,24,False,868
2026-03-10,FeU8m9YEVSY,NouerA,NouerA (누에라) 'POP IT LIKE' MV,2026-03-09,3832568,3549,580,True,173
2026-03-10,Kp28Ca0xnwk,NouerA,[NouerA] 누에라의 틈에라 Ep.10 🎁,2026-03-08,4173,586,53,False,1720
2026-03-10,swubc9U-Wgs,NouerA,NouerA (누에라) 'POP IT LIKE' MV TEASER #2,2026-03-06,60294,611,47,True,19
2026-03-10,fWofTs302FM,NouerA,[NouerA] 🙌CHROMOSOME Countdown Show Behind🙌  | 📎NouerA_Clip,2026-03-05,2574,399,36,False,1294
2026-03-10,iiuRF8cDUIY,NouerA,NouerA (누에라) 'POP IT LIKE' MV TEASER #1,2026-03-03,91515,807,80,True,20
2026-03-10,0dtMGfq0LPw,DKB,'imase - NIGHT DANCER(BIG Naughty Remix)' Cover by JUNSEO & XIWOO,2026-03-06,6913,0,100,False,209
2026-03-10,I3ykCyP3JJU,ALL(H)OURS,ALL(H)OURS (올아워즈) ‘DEAD MAN WALKING’ M/V TEASER. 1,2026-03-09,78568,1341,79,True,25
2026-03-10,_Mrcrn0z40A,ALL(H)OURS,앙코르! 앙코르! 앙앙코르 즐거웠어💝 | 1st FANCON ENCORE 'ALL the HOURS in SEOUL' 비하인드,2026-03-08,1441,265,24,False,583
2026-03-10,sRv5hGm-GTo,ALL(H)OURS,ALL(H)OURS (올아워즈) FIFTH MINI ALBUM [NO DOUBT] Album Sneak Peek,2026-03-06,238176,4631,396,False,106
2026-03-10,Zq6W6TUM4fc,ALL(H)OURS,춤대장 3인방 이번에도 찢었다 ✨ | ALL(H)OURS (올아워즈) 징기독스 퍼포먼스 비디오 촬영 비하인드,2026-03-05,1862,356,30,False,692
2026-03-10,nX7YHuFdnnc,ONE PACT,ONE PACT 원팩트 ‘SANE’ Dance Practice,2026-03-06,4872,927,68,False,139
2026-03-10,y2lyglj9fP0,TIOT,TIOT(티아이오티) [MOMENT-IOT] Ep.46 : 판타스틱했던 삿포로 눈 축제☃️❄️ #さっぽろ雪まつりKPOPFES 2026 BEHIND,2026-03-05,1208,0,11,False,1035
2026-03-10,tlPBMwzR4iw,NCHIVE,엔카이 브이로그 (NCHIV-LOG) 캄보디아 [Cambodia]“Phnom Penh ” 2026 비하인드 #1,2026-03-07,4158,1488,198,False,797
2026-03-10,kHyrOmqOZTU,NCHIVE,엔카이 브이로그 (NCHIV-LOG) 아시아 투어 캄보디아 [Cambodia]“Phnom Penh ”,2026-03-03,7932,2808,380,False,629
2026-03-10,8zfq-YJvJQQ,The KingDom,[Special Video] 2026 The KingDom 5th FAN-CON [THE QUINQUENNIUM] VCR: 우리가 나온 영상인데 이자뿌쓰요🫠,2026-03-03,869,200,28,False,793
2026-03-10,TKJt1Bfzoy4,ASC2NT,어센트(ASC2NT) 'Still Rose' Dance Practice,2026-03-05,2452,368,52,False,189
2026-03-10,BPGAURuMr5w,ASC2NT,어센트(ASC2NT) 'Still Rose' MV Reaction,2026-03-03,1333,221,32,True,356
2026-03-10,ZMKU-KeQy9s,Dragon Pony,Dragon Pony (드래곤포니) EP [RUN RUN RUN] Highlight Medley,2026-03-06,8807,1109,93,False,176
2026-03-10,YVbtU_bIhjI,Dragon Pony,Teaser Film (Gang Hun),2026-03-05,1390,244,26,False,15
2026-03-10,CEcnFthFurI,Dragon Pony,Teaser Film (Se Hyuk),2026-03-04,1658,292,26,False,15
2026-03-10,t2NeV7EyuL0,Dragon Pony,Teaser Film (Sung Hyun),2026-03-03,1603,297,19,False,15
2026-03-10,bWzDBqGt7TI,CLOSE YOUR EYES,"여기서 다시 만나, 함께 떠나는 우리만의 여행💌 | CLOSE TO CLOSE YOUR EYES 2 TEASER",2026-03-09,4021,827,88,False,97
2026-03-10,YMcAjvxZgbc,CLOSE YOUR EYES,CLOSE YOUR EYES ‘Best Life‘ Dance Practice,2026-03-07,10584,1452,122,False,170
2026-03-10,J_CKDL92jMA,CLOSE YOUR EYES,[DICE] Ep.7 일본 제프 투어의 방 | CLOSE YOUR EYES (클로즈 유어 아이즈),2026-03-06,7247,838,49,False,590
2026-03-10,PurcODBHjag,CLOSE YOUR EYES,CLOSE YOUR EYES 'Best Life' Stage Mix | [BEYOND YOUR EYES] IN SEOUL,2026-03-04,14425,1554,118,False,173
2026-03-10,PHasVvrVF-4,AHOF,AHOF(아홉) 2026 MINI FAN-CON IN JAPAN TOKYO Behind | AHOF The Record EP.52,2026-03-06,17461,3423,227,False,2027
2026-03-10,-kYj6HcWJdM,AHOF,AHOF(아홉) 2026 MINI FAN-CON IN JAPAN OSAKA Behind | AHOF The Record EP.51,2026-03-05,23604,4452,360,False,1544
2026-03-10,ZKTb6AFcpts,NEWBEAT,2026 Drop the NEWBEAT : NEURO 1000 PROJECT - Busan Busking,2026-03-07,978,133,9,False,1466
2026-03-10,KbVWKND9I-U,NEWBEAT,2026 Drop the NEWBEAT : NEURO 1000 PROJECT - Busan Busking,2026-03-07,1297,154,7,False,1240
2026-03-10,s5HozOehMqY,NEWBEAT,뉴로와 우리가 해냈다,2026-03-06,1117,147,7,False,1295
2026-03-10,CI2CebQhRqw,NEWBEAT,🚨뉴비트는 회의 중🚨,2026-03-05,1012,114,8,False,1280
2026-03-10,ZMsGICfUUHo,NEWBEAT,뉴로의 힘이 필요해,2026-03-05,678,87,5,False,350
2026-03-10,85Hnea13zxY,NEWBEAT,티켓팅은 잘하셨는지요🐰,2026-03-04,1977,185,4,False,4565
2026-03-10,K6UgiBeAHxs,IDID,Save Your 주먹밥🍙 당신의 주먹밥을 지켜주세요🏆 | 𝐼 𝒹𝒾𝒹 𝐀𝐒𝐌𝐑 in JAPAN,2026-03-08,5646,718,54,False,1044
2026-03-10,TiQrXm4h6n0,IDID,이멀전씨🚨 형들 몰래 가루쿡하다가 들켰어요ㅠㅠ | 𝐼 𝒹𝒾𝒹 𝐀𝐒𝐌𝐑 in JAPAN,2026-03-06,8664,737,53,False,916
2026-03-10,lPYJHevZLJY,IDID,내 마음에 무단침입한 MZ 유생들! 누구랑 짝꿍 할래? #날딧 #NALDID EP.9,2026-03-05,11634,1202,364,False,1856
2026-03-10,Wq2WhWvxwbw,IDID,"ASMR 빼고 다 해주는 아이들 (feat. 마술, 노래, 댄스 etc...) | 𝐼 𝒹𝒾𝒹 𝐀𝐒𝐌𝐑 in JAPAN",2026-03-03,8122,1005,159,False,983
2026-03-10,oz2vHZp2z5I,ALLDAY PROJECT,OFF DAY ‘WOOCHAN’ | ALLDAY PROJECT,2026-03-06,131611,3954,256,False,681
2026-03-10,red0HmXyu3M,idntt,아덴이들의 셀프캠으로 알아보는 설 연휴 보내는 방법 🗓️✶,2026-03-07,6919,614,68,False,1365
2026-03-10,r5ad4Pu0sdE,idntt,idntt 아이덴티티 | idntt가 벌써 미니 콘서트도 열고 기특하네요 🥹,2026-03-05,4572,478,40,False,949
2026-03-10,NO_Xd2rRLFU,idntt,댓글창에 '뚱'을 적어서 생일을 축하해 주세요🎂 | idntt LIVE 260303,2026-03-03,4661,505,23,False,4039
2026-03-10,j_AoVScKqrQ,idntt,녹음 sheep지 않네…🐏 | id TRACK,2026-03-03,4871,392,35,False,893
2026-03-10,cx5NZgT1M2o,CORTIS,엄❤️마,2026-03-09,195872,45096,2901,False,411
2026-03-10,o2tZspvsn7k,CORTIS,"CORTIS (코르티스) ‘GO!’, ‘FaSHioN' Live Performance @ 2026 NBA All-Star Celebrity Game Halftime",2026-03-06,182959,31812,1127,False,398
2026-03-10,q3GhyiKR_EU,CORTIS,wassup NBA,2026-03-06,522831,65857,3064,False,2636
2026-03-10,jDT8mS89u0Q,CORTIS,CORTIS (코르티스) GLOBAL OFFICIAL FANCLUB COER MEMBERSHIP Greeting Message,2026-03-05,122312,28545,760,False,41
2026-03-10,Q-aeA3Ss2cE,CORTIS,teppanyaki shortform on my mac,2026-03-04,506319,72266,2845,False,1003
2026-03-10,qOTdVZSJVNw,ALPHA DRIVE ONE,【우정 연구 센터】 여러분들의 진짜 짝꿍은 과연 누구일까요? | ONE DREAM FOREVER EP.17 TEASER,2026-03-08,87923,9869,2469,False,56
2026-03-10,lqU4g7bdGUg,ALPHA DRIVE ONE,Untitled_10 (Debut Showcase).ald1,2026-03-07,86422,9540,1691,False,1610
2026-03-10,8QO1gW3pyyU,ALPHA DRIVE ONE,ALPHA DRIVE ONE (알파드라이브원) ‘EUPHORIA’ Music Show Behind The Scenes #3,2026-03-05,129813,11867,2056,False,1724
2026-03-10,khEC2VW6b8Q,ALPHA DRIVE ONE,이 쌈을 수여합니다,2026-03-03,233601,18969,3092,False,1490
2026-03-10,ic44T69lAYA,AxMxP,봄맞이 기념 기타 옷 입혀주기🎸 | AxMxPxowervlog on Shin’s Free Time,2026-03-07,39238,169,17,False,867
2026-03-10,PqALhv-2RkU,AxMxP,"PASS는 갔지만, 그리고 며칠 후가 온다 l ‘PASS’ 활동 BEHIND #2 | AxMxPxICK EP.48",2026-03-05,24934,154,36,False,1626
2026-03-10,KzC9G9xElMw,AxMxP,에이엠피 관찰일지 (feat.하유준) l AxMxPxOxV｜AxMxP 1st Mini Album [Amplify My Way],2026-03-03,26472,154,13,False,414
2026-03-10,exk5JF1L27Y,YUHZ,[YUHZ LOG] 연태의 떨리는 첫 등교🏫 | 증명사진 촬영&형아들과 짜장면 먹방 ⌯⦁⩊⦁⌯ಣ | 막내 연태 입학하던 날🌱,2026-03-05,1488,210,26,False,494
